id,e00,e01,e10,e11
0,0,1,1,0
1,0,1,1,1
2,0,1,1,2
3,0,1,1,3
4,0,1,1,4
5,0,1,1,5
6,0,1,1,6
7,0,1,1,7
8,0,1,1,8
9,0,1,1,9
10,0,1,1,10
11,0,1,1,11
12,0,1,1,12
13,0,1,1,13
14,0,1,1,14
15,0,1,1,15
16,1,0,1,1
17,1,0,1,2
18,1,0,1,4
19,1,0,1,7
20,1,0,1,8
21,1,0,1,11
22,1,0,1,13
23,1,0,1,14
24,1,0,3,1
25,1,0,3,2
26,1,0,3,4
27,1,0,3,7
28,1,0,5,1
29,1,0,5,2
30,1,0,15,1
31,1,1,1,3
32,1,1,1,5
33,1,1,1,6
34,1,1,1,9
35,1,1,1,10
36,1,1,1,12
37,1,1,1,15
38,1,1,3,1
39,1,1,3,2
40,1,1,3,4
41,1,1,3,7
42,1,1,5,1
43,1,1,5,2
44,1,1,15,1
45,1,2,1,3
46,1,2,1,5
47,1,2,1,6
48,1,2,1,9
49,1,2,1,10
50,1,2,1,12
51,1,2,1,15
52,1,2,3,1
53,1,2,3,2
54,1,2,3,4
55,1,2,3,7
56,1,2,5,1
57,1,2,5,2
58,1,2,15,1
59,1,3,1,4
60,1,3,1,7
61,1,3,1,8
62,1,3,1,11
63,1,3,1,13
64,1,3,1,14
65,1,3,3,1
66,1,3,3,2
67,1,3,3,4
68,1,3,3,7
69,1,3,5,1
70,1,3,5,2
71,1,3,15,1
72,1,4,1,5
73,1,4,1,6
74,1,4,1,9
75,1,4,1,10
76,1,4,1,12
77,1,4,1,15
78,1,4,3,1
79,1,4,3,2
80,1,4,3,4
81,1,4,3,7
82,1,4,5,1
83,1,4,5,2
84,1,4,15,1
85,1,5,1,7
86,1,5,1,8
87,1,5,1,11
88,1,5,1,13
89,1,5,1,14
90,1,5,3,1
91,1,5,3,2
92,1,5,3,4
93,1,5,3,7
94,1,5,5,1
95,1,5,5,2
96,1,5,15,1
97,1,6,1,7
98,1,6,1,8
99,1,6,1,11
100,1,6,1,13
101,1,6,1,14
102,1,6,3,1
103,1,6,3,2
104,1,6,3,4
105,1,6,3,7
106,1,6,5,1
107,1,6,5,2
108,1,6,15,1
109,1,7,1,9
110,1,7,1,10
111,1,7,1,12
112,1,7,1,15
113,1,7,3,1
114,1,7,3,2
115,1,7,3,4
116,1,7,3,7
117,1,7,5,1
118,1,7,5,2
119,1,7,15,1
120,1,8,1,9
121,1,8,1,10
122,1,8,1,12
123,1,8,1,15
124,1,8,3,1
125,1,8,3,2
126,1,8,3,4
127,1,8,3,7
128,1,8,5,1
129,1,8,5,2
130,1,8,15,1
131,1,9,1,11
132,1,9,1,13
133,1,9,1,14
134,1,9,3,1
135,1,9,3,2
136,1,9,3,4
137,1,9,3,7
138,1,9,5,1
139,1,9,5,2
140,1,9,15,1
141,1,10,1,11
142,1,10,1,13
143,1,10,1,14
144,1,10,3,1
145,1,10,3,2
146,1,10,3,4
147,1,10,3,7
148,1,10,5,1
149,1,10,5,2
150,1,10,15,1
151,1,11,1,12
152,1,11,1,15
153,1,11,3,1
154,1,11,3,2
155,1,11,3,4
156,1,11,3,7
157,1,11,5,1
158,1,11,5,2
159,1,11,15,1
160,1,12,1,13
161,1,12,1,14
162,1,12,3,1
163,1,12,3,2
164,1,12,3,4
165,1,12,3,7
166,1,12,5,1
167,1,12,5,2
168,1,12,15,1
169,1,13,1,15
170,1,13,3,1
171,1,13,3,2
172,1,13,3,4
173,1,13,3,7
174,1,13,5,1
175,1,13,5,2
176,1,13,15,1
177,1,14,1,15
178,1,14,3,1
179,1,14,3,2
180,1,14,3,4
181,1,14,3,7
182,1,14,5,1
183,1,14,5,2
184,1,14,15,1
185,1,15,3,1
186,1,15,3,2
187,1,15,3,4
188,1,15,3,7
189,1,15,5,1
190,1,15,5,2
191,1,15,15,1
