source_id,title,url,inspected_locator,comparison
Schumacher2010,Modal quantum theory,https://arxiv.org/abs/1010.2929,Definitions pp.2--4; protocols pp.8--9,"Field amplitudes, nonzero support, GL and complete dual bases; foundational model."
Schumacher2012,Almost quantum theory,https://arxiv.org/html/1204.0701v1,Sections3--5 and6.2,Broader effects/open maps; F3 algorithm differs in characteristic.
James2011,Quantum Computing over Finite Fields: Reversible Relational Programming with Exclusive Disjunctions,https://arxiv.org/pdf/1101.3764,"SectionsIV,VIII and conclusion p.10",F2 reversible linear model; explicit qualitative Deutsch antecedent. No fully quantified adaptive query theorem asserted from this passage.
deBeaudrap2014,On computation with probabilities modulo k,https://arxiv.org/pdf/1405.7381,Definition7; Proposition2; Theorem1; AppendixB,Generic states generate the unit ideal; over fields this is nonzero. Uniform modular complexity classification does not settle our promise-query optimum.
Hanson2011,The Power of Discrete Quantum Theories,https://arxiv.org/abs/1104.1630,F2 UNIQUE-SAT and p.4 finite-field DJ discussion,Positive F9 Hermitian/unitary construction has odd characteristic; not a counterexample.
WillcockSabry2011,Solving UNIQUE-SAT in a Modal Quantum Theory,https://arxiv.org/abs/1102.3587,"Section3, algorithm and correctness cases","One standard XOR query with O(n) gates; positive control credited, not a contribution."
Diamond2023,"Cloning, deleting, and hiding in modal quantum theory",https://arxiv.org/abs/2310.04397,Section4,Linear independence controls exact discrimination; set extension is supporting linear algebra.
Beals2001,Quantum Lower Bounds by Polynomials,https://arxiv.org/abs/quant-ph/9802049,Lemmas4.1--4.2,Amplitude-degree architecture imported; no claim that their complex quantum theorem supplies the characteristic-two conclusion directly.
Tai2019,Discrete Quantum Theories and Computing,https://scholarworks.iu.edu/iuswrrest/api/core/bitstreams/1b636595-9156-4c14-8fe1-da1c1cf74e99/content,"Sections3.3 and4.4--4.4.1, printed pp.42--45","Primary dissertation checked. Positive Deutsch/DJ algorithm over F(p^2), p odd, with Hermitian normalization; distinct contract."
