date,query_terms,followup,limitation
2026-09-19,modal Bernstein query,Inspected primary works and Tai dissertation; followed model definitions and cited polynomial-method architecture,Bounded review; no absent-hit inference of novelty
2026-09-19,characteristic two Deutsch quantum,Inspected primary works and Tai dissertation; followed model definitions and cited polynomial-method architecture,Bounded review; no absent-hit inference of novelty
2026-09-19,finite field Bernstein-Vazirani lower bound,Inspected primary works and Tai dissertation; followed model definitions and cited polynomial-method architecture,Bounded review; no absent-hit inference of novelty
2026-09-19,modal quantum Deutsch impossible,Inspected primary works and Tai dissertation; followed model definitions and cited polynomial-method architecture,Bounded review; no absent-hit inference of novelty
2026-09-19,modal quantum query complexity Deutsch Bernstein,Inspected primary works and Tai dissertation; followed model definitions and cited polynomial-method architecture,Bounded review; no absent-hit inference of novelty
2026-09-19,modal quantum dissertation exact computation,Inspected primary works and Tai dissertation; followed model definitions and cited polynomial-method architecture,Bounded review; no absent-hit inference of novelty
2026-09-19,Bernstein-Vazirani characteristic two modal,Inspected primary works and Tai dissertation; followed model definitions and cited polynomial-method architecture,Bounded review; no absent-hit inference of novelty
2026-09-19,Bernstein Vazirani modal quantum theory exact,Inspected primary works and Tai dissertation; followed model definitions and cited polynomial-method architecture,Bounded review; no absent-hit inference of novelty
2026-09-19,exact query finite semirings,Inspected primary works and Tai dissertation; followed model definitions and cited polynomial-method architecture,Bounded review; no absent-hit inference of novelty
2026-09-19,Deutsch modal quantum theory two queries,Inspected primary works and Tai dissertation; followed model definitions and cited polynomial-method architecture,Bounded review; no absent-hit inference of novelty
2026-09-19,James Sabry Deutsch query,Inspected primary works and Tai dissertation; followed model definitions and cited polynomial-method architecture,Bounded review; no absent-hit inference of novelty
2026-09-19,finite fields exact query adaptive,Inspected primary works and Tai dissertation; followed model definitions and cited polynomial-method architecture,Bounded review; no absent-hit inference of novelty
2026-09-19,Lorraine 2025 Paull dissertation characteristic-two search hit,Primary PDF uses complex U(1) characters and complex operators with finite-field indexing; excluded,Different amplitude domain
