basis_id,effect0_a,effect0_b,effect1_a,effect1_b,intrinsic_unitary_projective_basis
0,0,1,1,0,1
1,0,1,1,1,0
2,0,1,1,2,0
3,0,1,1,3,0
4,0,1,1,4,0
5,0,1,1,5,0
6,0,1,1,6,0
7,0,1,1,7,0
8,0,1,1,8,0
9,0,1,1,9,0
10,0,1,1,10,0
11,0,1,1,11,0
12,0,1,1,12,0
13,0,1,1,13,0
14,0,1,1,14,0
15,0,1,1,15,0
16,1,0,1,1,0
17,1,0,1,2,0
18,1,0,1,4,0
19,1,0,1,7,0
20,1,0,1,8,0
21,1,0,1,11,0
22,1,0,1,13,0
23,1,0,1,14,0
24,1,0,3,1,0
25,1,0,3,2,0
26,1,0,3,4,0
27,1,0,3,7,0
28,1,0,5,1,0
29,1,0,5,2,0
30,1,0,15,1,0
31,1,1,1,3,0
32,1,1,1,5,0
33,1,1,1,6,0
34,1,1,1,9,0
35,1,1,1,10,0
36,1,1,1,12,0
37,1,1,1,15,0
38,1,1,3,1,0
39,1,1,3,2,0
40,1,1,3,4,0
41,1,1,3,7,0
42,1,1,5,1,0
43,1,1,5,2,0
44,1,1,15,1,0
45,1,2,1,3,0
46,1,2,1,5,0
47,1,2,1,6,0
48,1,2,1,9,0
49,1,2,1,10,0
50,1,2,1,12,0
51,1,2,1,15,0
52,1,2,3,1,0
53,1,2,3,2,0
54,1,2,3,4,0
55,1,2,3,7,0
56,1,2,5,1,0
57,1,2,5,2,0
58,1,2,15,1,0
59,1,3,1,4,0
60,1,3,1,7,0
61,1,3,1,8,0
62,1,3,1,11,0
63,1,3,1,13,0
64,1,3,1,14,0
65,1,3,3,1,0
66,1,3,3,2,0
67,1,3,3,4,0
68,1,3,3,7,0
69,1,3,5,1,0
70,1,3,5,2,0
71,1,3,15,1,0
72,1,4,1,5,0
73,1,4,1,6,0
74,1,4,1,9,0
75,1,4,1,10,0
76,1,4,1,12,0
77,1,4,1,15,0
78,1,4,3,1,0
79,1,4,3,2,0
80,1,4,3,4,0
81,1,4,3,7,0
82,1,4,5,1,0
83,1,4,5,2,0
84,1,4,15,1,0
85,1,5,1,7,0
86,1,5,1,8,0
87,1,5,1,11,0
88,1,5,1,13,0
89,1,5,1,14,0
90,1,5,3,1,0
91,1,5,3,2,0
92,1,5,3,4,0
93,1,5,3,7,0
94,1,5,5,1,1
95,1,5,5,2,0
96,1,5,15,1,0
97,1,6,1,7,0
98,1,6,1,8,0
99,1,6,1,11,0
100,1,6,1,13,0
101,1,6,1,14,0
102,1,6,3,1,0
103,1,6,3,2,0
104,1,6,3,4,0
105,1,6,3,7,0
106,1,6,5,1,0
107,1,6,5,2,0
108,1,6,15,1,0
109,1,7,1,9,0
110,1,7,1,10,0
111,1,7,1,12,0
112,1,7,1,15,0
113,1,7,3,1,0
114,1,7,3,2,0
115,1,7,3,4,0
116,1,7,3,7,0
117,1,7,5,1,0
118,1,7,5,2,0
119,1,7,15,1,0
120,1,8,1,9,0
121,1,8,1,10,0
122,1,8,1,12,0
123,1,8,1,15,0
124,1,8,3,1,0
125,1,8,3,2,0
126,1,8,3,4,0
127,1,8,3,7,0
128,1,8,5,1,0
129,1,8,5,2,0
130,1,8,15,1,0
131,1,9,1,11,0
132,1,9,1,13,0
133,1,9,1,14,0
134,1,9,3,1,0
135,1,9,3,2,0
136,1,9,3,4,0
137,1,9,3,7,0
138,1,9,5,1,0
139,1,9,5,2,0
140,1,9,15,1,0
141,1,10,1,11,0
142,1,10,1,13,0
143,1,10,1,14,0
144,1,10,3,1,0
145,1,10,3,2,0
146,1,10,3,4,0
147,1,10,3,7,0
148,1,10,5,1,0
149,1,10,5,2,1
150,1,10,15,1,0
151,1,11,1,12,0
152,1,11,1,15,0
153,1,11,3,1,0
154,1,11,3,2,0
155,1,11,3,4,0
156,1,11,3,7,0
157,1,11,5,1,0
158,1,11,5,2,0
159,1,11,15,1,0
160,1,12,1,13,0
161,1,12,1,14,0
162,1,12,3,1,0
163,1,12,3,2,0
164,1,12,3,4,0
165,1,12,3,7,0
166,1,12,5,1,0
167,1,12,5,2,0
168,1,12,15,1,0
169,1,13,1,15,0
170,1,13,3,1,0
171,1,13,3,2,0
172,1,13,3,4,0
173,1,13,3,7,0
174,1,13,5,1,0
175,1,13,5,2,0
176,1,13,15,1,0
177,1,14,1,15,0
178,1,14,3,1,0
179,1,14,3,2,0
180,1,14,3,4,0
181,1,14,3,7,0
182,1,14,5,1,0
183,1,14,5,2,0
184,1,14,15,1,0
185,1,15,3,1,0
186,1,15,3,2,0
187,1,15,3,4,0
188,1,15,3,7,0
189,1,15,5,1,0
190,1,15,5,2,0
191,1,15,15,1,1
