A_phase,B_phase,outcome,received,corrected,exact
0,0,0,0,0,1
0,0,1,0,0,1
0,0,2,0,0,1
0,0,3,0,0,1
0,1,0,17,16,1
0,1,1,17,16,1
0,1,2,1,16,1
0,1,3,16,16,1
0,2,0,34,32,1
0,2,1,34,32,1
0,2,2,2,32,1
0,2,3,32,32,1
0,3,0,51,48,1
0,3,1,51,48,1
0,3,2,3,48,1
0,3,3,48,48,1
0,4,0,68,64,1
0,4,1,68,64,1
0,4,2,4,64,1
0,4,3,64,64,1
0,5,0,85,80,1
0,5,1,85,80,1
0,5,2,5,80,1
0,5,3,80,80,1
0,6,0,102,96,1
0,6,1,102,96,1
0,6,2,6,96,1
0,6,3,96,96,1
0,7,0,119,112,1
0,7,1,119,112,1
0,7,2,7,112,1
0,7,3,112,112,1
0,8,0,136,128,1
0,8,1,136,128,1
0,8,2,8,128,1
0,8,3,128,128,1
0,9,0,153,144,1
0,9,1,153,144,1
0,9,2,9,144,1
0,9,3,144,144,1
0,10,0,170,160,1
0,10,1,170,160,1
0,10,2,10,160,1
0,10,3,160,160,1
0,11,0,187,176,1
0,11,1,187,176,1
0,11,2,11,176,1
0,11,3,176,176,1
0,12,0,204,192,1
0,12,1,204,192,1
0,12,2,12,192,1
0,12,3,192,192,1
0,13,0,221,208,1
0,13,1,221,208,1
0,13,2,13,208,1
0,13,3,208,208,1
0,14,0,238,224,1
0,14,1,238,224,1
0,14,2,14,224,1
0,14,3,224,224,1
0,15,0,255,240,1
0,15,1,255,240,1
0,15,2,15,240,1
0,15,3,240,240,1
1,0,0,16,1,1
1,0,1,1,1,1
1,0,2,16,1,1
1,0,3,1,1,1
1,1,0,1,17,1
1,1,1,16,17,1
1,1,2,17,17,1
1,1,3,17,17,1
1,2,0,50,33,1
1,2,1,35,33,1
1,2,2,18,33,1
1,2,3,33,33,1
1,3,0,35,49,1
1,3,1,50,49,1
1,3,2,19,49,1
1,3,3,49,49,1
1,4,0,84,65,1
1,4,1,69,65,1
1,4,2,20,65,1
1,4,3,65,65,1
1,5,0,69,81,1
1,5,1,84,81,1
1,5,2,21,81,1
1,5,3,81,81,1
1,6,0,118,97,1
1,6,1,103,97,1
1,6,2,22,97,1
1,6,3,97,97,1
1,7,0,103,113,1
1,7,1,118,113,1
1,7,2,23,113,1
1,7,3,113,113,1
1,8,0,152,129,1
1,8,1,137,129,1
1,8,2,24,129,1
1,8,3,129,129,1
1,9,0,137,145,1
1,9,1,152,145,1
1,9,2,25,145,1
1,9,3,145,145,1
1,10,0,186,161,1
1,10,1,171,161,1
1,10,2,26,161,1
1,10,3,161,161,1
1,11,0,171,177,1
1,11,1,186,177,1
1,11,2,27,177,1
1,11,3,177,177,1
1,12,0,220,193,1
1,12,1,205,193,1
1,12,2,28,193,1
1,12,3,193,193,1
1,13,0,205,209,1
1,13,1,220,209,1
1,13,2,29,209,1
1,13,3,209,209,1
1,14,0,254,225,1
1,14,1,239,225,1
1,14,2,30,225,1
1,14,3,225,225,1
1,15,0,239,241,1
1,15,1,254,241,1
1,15,2,31,241,1
1,15,3,241,241,1
2,0,0,32,2,1
2,0,1,2,2,1
2,0,2,32,2,1
2,0,3,2,2,1
2,1,0,49,18,1
2,1,1,19,18,1
2,1,2,33,18,1
2,1,3,18,18,1
2,2,0,2,34,1
2,2,1,32,34,1
2,2,2,34,34,1
2,2,3,34,34,1
2,3,0,19,50,1
2,3,1,49,50,1
2,3,2,35,50,1
2,3,3,50,50,1
2,4,0,100,66,1
2,4,1,70,66,1
2,4,2,36,66,1
2,4,3,66,66,1
2,5,0,117,82,1
2,5,1,87,82,1
2,5,2,37,82,1
2,5,3,82,82,1
2,6,0,70,98,1
2,6,1,100,98,1
2,6,2,38,98,1
2,6,3,98,98,1
2,7,0,87,114,1
2,7,1,117,114,1
2,7,2,39,114,1
2,7,3,114,114,1
2,8,0,168,130,1
2,8,1,138,130,1
2,8,2,40,130,1
2,8,3,130,130,1
2,9,0,185,146,1
2,9,1,155,146,1
2,9,2,41,146,1
2,9,3,146,146,1
2,10,0,138,162,1
2,10,1,168,162,1
2,10,2,42,162,1
2,10,3,162,162,1
2,11,0,155,178,1
2,11,1,185,178,1
2,11,2,43,178,1
2,11,3,178,178,1
2,12,0,236,194,1
2,12,1,206,194,1
2,12,2,44,194,1
2,12,3,194,194,1
2,13,0,253,210,1
2,13,1,223,210,1
2,13,2,45,210,1
2,13,3,210,210,1
2,14,0,206,226,1
2,14,1,236,226,1
2,14,2,46,226,1
2,14,3,226,226,1
2,15,0,223,242,1
2,15,1,253,242,1
2,15,2,47,242,1
2,15,3,242,242,1
3,0,0,48,3,1
3,0,1,3,3,1
3,0,2,48,3,1
3,0,3,3,3,1
3,1,0,33,19,1
3,1,1,18,19,1
3,1,2,49,19,1
3,1,3,19,19,1
3,2,0,18,35,1
3,2,1,33,35,1
3,2,2,50,35,1
3,2,3,35,35,1
3,3,0,3,51,1
3,3,1,48,51,1
3,3,2,51,51,1
3,3,3,51,51,1
3,4,0,116,67,1
3,4,1,71,67,1
3,4,2,52,67,1
3,4,3,67,67,1
3,5,0,101,83,1
3,5,1,86,83,1
3,5,2,53,83,1
3,5,3,83,83,1
3,6,0,86,99,1
3,6,1,101,99,1
3,6,2,54,99,1
3,6,3,99,99,1
3,7,0,71,115,1
3,7,1,116,115,1
3,7,2,55,115,1
3,7,3,115,115,1
3,8,0,184,131,1
3,8,1,139,131,1
3,8,2,56,131,1
3,8,3,131,131,1
3,9,0,169,147,1
3,9,1,154,147,1
3,9,2,57,147,1
3,9,3,147,147,1
3,10,0,154,163,1
3,10,1,169,163,1
3,10,2,58,163,1
3,10,3,163,163,1
3,11,0,139,179,1
3,11,1,184,179,1
3,11,2,59,179,1
3,11,3,179,179,1
3,12,0,252,195,1
3,12,1,207,195,1
3,12,2,60,195,1
3,12,3,195,195,1
3,13,0,237,211,1
3,13,1,222,211,1
3,13,2,61,211,1
3,13,3,211,211,1
3,14,0,222,227,1
3,14,1,237,227,1
3,14,2,62,227,1
3,14,3,227,227,1
3,15,0,207,243,1
3,15,1,252,243,1
3,15,2,63,243,1
3,15,3,243,243,1
4,0,0,64,4,1
4,0,1,4,4,1
4,0,2,64,4,1
4,0,3,4,4,1
4,1,0,81,20,1
4,1,1,21,20,1
4,1,2,65,20,1
4,1,3,20,20,1
4,2,0,98,36,1
4,2,1,38,36,1
4,2,2,66,36,1
4,2,3,36,36,1
4,3,0,115,52,1
4,3,1,55,52,1
4,3,2,67,52,1
4,3,3,52,52,1
4,4,0,4,68,1
4,4,1,64,68,1
4,4,2,68,68,1
4,4,3,68,68,1
4,5,0,21,84,1
4,5,1,81,84,1
4,5,2,69,84,1
4,5,3,84,84,1
4,6,0,38,100,1
4,6,1,98,100,1
4,6,2,70,100,1
4,6,3,100,100,1
4,7,0,55,116,1
4,7,1,115,116,1
4,7,2,71,116,1
4,7,3,116,116,1
4,8,0,200,132,1
4,8,1,140,132,1
4,8,2,72,132,1
4,8,3,132,132,1
4,9,0,217,148,1
4,9,1,157,148,1
4,9,2,73,148,1
4,9,3,148,148,1
4,10,0,234,164,1
4,10,1,174,164,1
4,10,2,74,164,1
4,10,3,164,164,1
4,11,0,251,180,1
4,11,1,191,180,1
4,11,2,75,180,1
4,11,3,180,180,1
4,12,0,140,196,1
4,12,1,200,196,1
4,12,2,76,196,1
4,12,3,196,196,1
4,13,0,157,212,1
4,13,1,217,212,1
4,13,2,77,212,1
4,13,3,212,212,1
4,14,0,174,228,1
4,14,1,234,228,1
4,14,2,78,228,1
4,14,3,228,228,1
4,15,0,191,244,1
4,15,1,251,244,1
4,15,2,79,244,1
4,15,3,244,244,1
5,0,0,80,5,1
5,0,1,5,5,1
5,0,2,80,5,1
5,0,3,5,5,1
5,1,0,65,21,1
5,1,1,20,21,1
5,1,2,81,21,1
5,1,3,21,21,1
5,2,0,114,37,1
5,2,1,39,37,1
5,2,2,82,37,1
5,2,3,37,37,1
5,3,0,99,53,1
5,3,1,54,53,1
5,3,2,83,53,1
5,3,3,53,53,1
5,4,0,20,69,1
5,4,1,65,69,1
5,4,2,84,69,1
5,4,3,69,69,1
5,5,0,5,85,1
5,5,1,80,85,1
5,5,2,85,85,1
5,5,3,85,85,1
5,6,0,54,101,1
5,6,1,99,101,1
5,6,2,86,101,1
5,6,3,101,101,1
5,7,0,39,117,1
5,7,1,114,117,1
5,7,2,87,117,1
5,7,3,117,117,1
5,8,0,216,133,1
5,8,1,141,133,1
5,8,2,88,133,1
5,8,3,133,133,1
5,9,0,201,149,1
5,9,1,156,149,1
5,9,2,89,149,1
5,9,3,149,149,1
5,10,0,250,165,1
5,10,1,175,165,1
5,10,2,90,165,1
5,10,3,165,165,1
5,11,0,235,181,1
5,11,1,190,181,1
5,11,2,91,181,1
5,11,3,181,181,1
5,12,0,156,197,1
5,12,1,201,197,1
5,12,2,92,197,1
5,12,3,197,197,1
5,13,0,141,213,1
5,13,1,216,213,1
5,13,2,93,213,1
5,13,3,213,213,1
5,14,0,190,229,1
5,14,1,235,229,1
5,14,2,94,229,1
5,14,3,229,229,1
5,15,0,175,245,1
5,15,1,250,245,1
5,15,2,95,245,1
5,15,3,245,245,1
6,0,0,96,6,1
6,0,1,6,6,1
6,0,2,96,6,1
6,0,3,6,6,1
6,1,0,113,22,1
6,1,1,23,22,1
6,1,2,97,22,1
6,1,3,22,22,1
6,2,0,66,38,1
6,2,1,36,38,1
6,2,2,98,38,1
6,2,3,38,38,1
6,3,0,83,54,1
6,3,1,53,54,1
6,3,2,99,54,1
6,3,3,54,54,1
6,4,0,36,70,1
6,4,1,66,70,1
6,4,2,100,70,1
6,4,3,70,70,1
6,5,0,53,86,1
6,5,1,83,86,1
6,5,2,101,86,1
6,5,3,86,86,1
6,6,0,6,102,1
6,6,1,96,102,1
6,6,2,102,102,1
6,6,3,102,102,1
6,7,0,23,118,1
6,7,1,113,118,1
6,7,2,103,118,1
6,7,3,118,118,1
6,8,0,232,134,1
6,8,1,142,134,1
6,8,2,104,134,1
6,8,3,134,134,1
6,9,0,249,150,1
6,9,1,159,150,1
6,9,2,105,150,1
6,9,3,150,150,1
6,10,0,202,166,1
6,10,1,172,166,1
6,10,2,106,166,1
6,10,3,166,166,1
6,11,0,219,182,1
6,11,1,189,182,1
6,11,2,107,182,1
6,11,3,182,182,1
6,12,0,172,198,1
6,12,1,202,198,1
6,12,2,108,198,1
6,12,3,198,198,1
6,13,0,189,214,1
6,13,1,219,214,1
6,13,2,109,214,1
6,13,3,214,214,1
6,14,0,142,230,1
6,14,1,232,230,1
6,14,2,110,230,1
6,14,3,230,230,1
6,15,0,159,246,1
6,15,1,249,246,1
6,15,2,111,246,1
6,15,3,246,246,1
7,0,0,112,7,1
7,0,1,7,7,1
7,0,2,112,7,1
7,0,3,7,7,1
7,1,0,97,23,1
7,1,1,22,23,1
7,1,2,113,23,1
7,1,3,23,23,1
7,2,0,82,39,1
7,2,1,37,39,1
7,2,2,114,39,1
7,2,3,39,39,1
7,3,0,67,55,1
7,3,1,52,55,1
7,3,2,115,55,1
7,3,3,55,55,1
7,4,0,52,71,1
7,4,1,67,71,1
7,4,2,116,71,1
7,4,3,71,71,1
7,5,0,37,87,1
7,5,1,82,87,1
7,5,2,117,87,1
7,5,3,87,87,1
7,6,0,22,103,1
7,6,1,97,103,1
7,6,2,118,103,1
7,6,3,103,103,1
7,7,0,7,119,1
7,7,1,112,119,1
7,7,2,119,119,1
7,7,3,119,119,1
7,8,0,248,135,1
7,8,1,143,135,1
7,8,2,120,135,1
7,8,3,135,135,1
7,9,0,233,151,1
7,9,1,158,151,1
7,9,2,121,151,1
7,9,3,151,151,1
7,10,0,218,167,1
7,10,1,173,167,1
7,10,2,122,167,1
7,10,3,167,167,1
7,11,0,203,183,1
7,11,1,188,183,1
7,11,2,123,183,1
7,11,3,183,183,1
7,12,0,188,199,1
7,12,1,203,199,1
7,12,2,124,199,1
7,12,3,199,199,1
7,13,0,173,215,1
7,13,1,218,215,1
7,13,2,125,215,1
7,13,3,215,215,1
7,14,0,158,231,1
7,14,1,233,231,1
7,14,2,126,231,1
7,14,3,231,231,1
7,15,0,143,247,1
7,15,1,248,247,1
7,15,2,127,247,1
7,15,3,247,247,1
8,0,0,128,8,1
8,0,1,8,8,1
8,0,2,128,8,1
8,0,3,8,8,1
8,1,0,145,24,1
8,1,1,25,24,1
8,1,2,129,24,1
8,1,3,24,24,1
8,2,0,162,40,1
8,2,1,42,40,1
8,2,2,130,40,1
8,2,3,40,40,1
8,3,0,179,56,1
8,3,1,59,56,1
8,3,2,131,56,1
8,3,3,56,56,1
8,4,0,196,72,1
8,4,1,76,72,1
8,4,2,132,72,1
8,4,3,72,72,1
8,5,0,213,88,1
8,5,1,93,88,1
8,5,2,133,88,1
8,5,3,88,88,1
8,6,0,230,104,1
8,6,1,110,104,1
8,6,2,134,104,1
8,6,3,104,104,1
8,7,0,247,120,1
8,7,1,127,120,1
8,7,2,135,120,1
8,7,3,120,120,1
8,8,0,8,136,1
8,8,1,128,136,1
8,8,2,136,136,1
8,8,3,136,136,1
8,9,0,25,152,1
8,9,1,145,152,1
8,9,2,137,152,1
8,9,3,152,152,1
8,10,0,42,168,1
8,10,1,162,168,1
8,10,2,138,168,1
8,10,3,168,168,1
8,11,0,59,184,1
8,11,1,179,184,1
8,11,2,139,184,1
8,11,3,184,184,1
8,12,0,76,200,1
8,12,1,196,200,1
8,12,2,140,200,1
8,12,3,200,200,1
8,13,0,93,216,1
8,13,1,213,216,1
8,13,2,141,216,1
8,13,3,216,216,1
8,14,0,110,232,1
8,14,1,230,232,1
8,14,2,142,232,1
8,14,3,232,232,1
8,15,0,127,248,1
8,15,1,247,248,1
8,15,2,143,248,1
8,15,3,248,248,1
9,0,0,144,9,1
9,0,1,9,9,1
9,0,2,144,9,1
9,0,3,9,9,1
9,1,0,129,25,1
9,1,1,24,25,1
9,1,2,145,25,1
9,1,3,25,25,1
9,2,0,178,41,1
9,2,1,43,41,1
9,2,2,146,41,1
9,2,3,41,41,1
9,3,0,163,57,1
9,3,1,58,57,1
9,3,2,147,57,1
9,3,3,57,57,1
9,4,0,212,73,1
9,4,1,77,73,1
9,4,2,148,73,1
9,4,3,73,73,1
9,5,0,197,89,1
9,5,1,92,89,1
9,5,2,149,89,1
9,5,3,89,89,1
9,6,0,246,105,1
9,6,1,111,105,1
9,6,2,150,105,1
9,6,3,105,105,1
9,7,0,231,121,1
9,7,1,126,121,1
9,7,2,151,121,1
9,7,3,121,121,1
9,8,0,24,137,1
9,8,1,129,137,1
9,8,2,152,137,1
9,8,3,137,137,1
9,9,0,9,153,1
9,9,1,144,153,1
9,9,2,153,153,1
9,9,3,153,153,1
9,10,0,58,169,1
9,10,1,163,169,1
9,10,2,154,169,1
9,10,3,169,169,1
9,11,0,43,185,1
9,11,1,178,185,1
9,11,2,155,185,1
9,11,3,185,185,1
9,12,0,92,201,1
9,12,1,197,201,1
9,12,2,156,201,1
9,12,3,201,201,1
9,13,0,77,217,1
9,13,1,212,217,1
9,13,2,157,217,1
9,13,3,217,217,1
9,14,0,126,233,1
9,14,1,231,233,1
9,14,2,158,233,1
9,14,3,233,233,1
9,15,0,111,249,1
9,15,1,246,249,1
9,15,2,159,249,1
9,15,3,249,249,1
10,0,0,160,10,1
10,0,1,10,10,1
10,0,2,160,10,1
10,0,3,10,10,1
10,1,0,177,26,1
10,1,1,27,26,1
10,1,2,161,26,1
10,1,3,26,26,1
10,2,0,130,42,1
10,2,1,40,42,1
10,2,2,162,42,1
10,2,3,42,42,1
10,3,0,147,58,1
10,3,1,57,58,1
10,3,2,163,58,1
10,3,3,58,58,1
10,4,0,228,74,1
10,4,1,78,74,1
10,4,2,164,74,1
10,4,3,74,74,1
10,5,0,245,90,1
10,5,1,95,90,1
10,5,2,165,90,1
10,5,3,90,90,1
10,6,0,198,106,1
10,6,1,108,106,1
10,6,2,166,106,1
10,6,3,106,106,1
10,7,0,215,122,1
10,7,1,125,122,1
10,7,2,167,122,1
10,7,3,122,122,1
10,8,0,40,138,1
10,8,1,130,138,1
10,8,2,168,138,1
10,8,3,138,138,1
10,9,0,57,154,1
10,9,1,147,154,1
10,9,2,169,154,1
10,9,3,154,154,1
10,10,0,10,170,1
10,10,1,160,170,1
10,10,2,170,170,1
10,10,3,170,170,1
10,11,0,27,186,1
10,11,1,177,186,1
10,11,2,171,186,1
10,11,3,186,186,1
10,12,0,108,202,1
10,12,1,198,202,1
10,12,2,172,202,1
10,12,3,202,202,1
10,13,0,125,218,1
10,13,1,215,218,1
10,13,2,173,218,1
10,13,3,218,218,1
10,14,0,78,234,1
10,14,1,228,234,1
10,14,2,174,234,1
10,14,3,234,234,1
10,15,0,95,250,1
10,15,1,245,250,1
10,15,2,175,250,1
10,15,3,250,250,1
11,0,0,176,11,1
11,0,1,11,11,1
11,0,2,176,11,1
11,0,3,11,11,1
11,1,0,161,27,1
11,1,1,26,27,1
11,1,2,177,27,1
11,1,3,27,27,1
11,2,0,146,43,1
11,2,1,41,43,1
11,2,2,178,43,1
11,2,3,43,43,1
11,3,0,131,59,1
11,3,1,56,59,1
11,3,2,179,59,1
11,3,3,59,59,1
11,4,0,244,75,1
11,4,1,79,75,1
11,4,2,180,75,1
11,4,3,75,75,1
11,5,0,229,91,1
11,5,1,94,91,1
11,5,2,181,91,1
11,5,3,91,91,1
11,6,0,214,107,1
11,6,1,109,107,1
11,6,2,182,107,1
11,6,3,107,107,1
11,7,0,199,123,1
11,7,1,124,123,1
11,7,2,183,123,1
11,7,3,123,123,1
11,8,0,56,139,1
11,8,1,131,139,1
11,8,2,184,139,1
11,8,3,139,139,1
11,9,0,41,155,1
11,9,1,146,155,1
11,9,2,185,155,1
11,9,3,155,155,1
11,10,0,26,171,1
11,10,1,161,171,1
11,10,2,186,171,1
11,10,3,171,171,1
11,11,0,11,187,1
11,11,1,176,187,1
11,11,2,187,187,1
11,11,3,187,187,1
11,12,0,124,203,1
11,12,1,199,203,1
11,12,2,188,203,1
11,12,3,203,203,1
11,13,0,109,219,1
11,13,1,214,219,1
11,13,2,189,219,1
11,13,3,219,219,1
11,14,0,94,235,1
11,14,1,229,235,1
11,14,2,190,235,1
11,14,3,235,235,1
11,15,0,79,251,1
11,15,1,244,251,1
11,15,2,191,251,1
11,15,3,251,251,1
12,0,0,192,12,1
12,0,1,12,12,1
12,0,2,192,12,1
12,0,3,12,12,1
12,1,0,209,28,1
12,1,1,29,28,1
12,1,2,193,28,1
12,1,3,28,28,1
12,2,0,226,44,1
12,2,1,46,44,1
12,2,2,194,44,1
12,2,3,44,44,1
12,3,0,243,60,1
12,3,1,63,60,1
12,3,2,195,60,1
12,3,3,60,60,1
12,4,0,132,76,1
12,4,1,72,76,1
12,4,2,196,76,1
12,4,3,76,76,1
12,5,0,149,92,1
12,5,1,89,92,1
12,5,2,197,92,1
12,5,3,92,92,1
12,6,0,166,108,1
12,6,1,106,108,1
12,6,2,198,108,1
12,6,3,108,108,1
12,7,0,183,124,1
12,7,1,123,124,1
12,7,2,199,124,1
12,7,3,124,124,1
12,8,0,72,140,1
12,8,1,132,140,1
12,8,2,200,140,1
12,8,3,140,140,1
12,9,0,89,156,1
12,9,1,149,156,1
12,9,2,201,156,1
12,9,3,156,156,1
12,10,0,106,172,1
12,10,1,166,172,1
12,10,2,202,172,1
12,10,3,172,172,1
12,11,0,123,188,1
12,11,1,183,188,1
12,11,2,203,188,1
12,11,3,188,188,1
12,12,0,12,204,1
12,12,1,192,204,1
12,12,2,204,204,1
12,12,3,204,204,1
12,13,0,29,220,1
12,13,1,209,220,1
12,13,2,205,220,1
12,13,3,220,220,1
12,14,0,46,236,1
12,14,1,226,236,1
12,14,2,206,236,1
12,14,3,236,236,1
12,15,0,63,252,1
12,15,1,243,252,1
12,15,2,207,252,1
12,15,3,252,252,1
13,0,0,208,13,1
13,0,1,13,13,1
13,0,2,208,13,1
13,0,3,13,13,1
13,1,0,193,29,1
13,1,1,28,29,1
13,1,2,209,29,1
13,1,3,29,29,1
13,2,0,242,45,1
13,2,1,47,45,1
13,2,2,210,45,1
13,2,3,45,45,1
13,3,0,227,61,1
13,3,1,62,61,1
13,3,2,211,61,1
13,3,3,61,61,1
13,4,0,148,77,1
13,4,1,73,77,1
13,4,2,212,77,1
13,4,3,77,77,1
13,5,0,133,93,1
13,5,1,88,93,1
13,5,2,213,93,1
13,5,3,93,93,1
13,6,0,182,109,1
13,6,1,107,109,1
13,6,2,214,109,1
13,6,3,109,109,1
13,7,0,167,125,1
13,7,1,122,125,1
13,7,2,215,125,1
13,7,3,125,125,1
13,8,0,88,141,1
13,8,1,133,141,1
13,8,2,216,141,1
13,8,3,141,141,1
13,9,0,73,157,1
13,9,1,148,157,1
13,9,2,217,157,1
13,9,3,157,157,1
13,10,0,122,173,1
13,10,1,167,173,1
13,10,2,218,173,1
13,10,3,173,173,1
13,11,0,107,189,1
13,11,1,182,189,1
13,11,2,219,189,1
13,11,3,189,189,1
13,12,0,28,205,1
13,12,1,193,205,1
13,12,2,220,205,1
13,12,3,205,205,1
13,13,0,13,221,1
13,13,1,208,221,1
13,13,2,221,221,1
13,13,3,221,221,1
13,14,0,62,237,1
13,14,1,227,237,1
13,14,2,222,237,1
13,14,3,237,237,1
13,15,0,47,253,1
13,15,1,242,253,1
13,15,2,223,253,1
13,15,3,253,253,1
14,0,0,224,14,1
14,0,1,14,14,1
14,0,2,224,14,1
14,0,3,14,14,1
14,1,0,241,30,1
14,1,1,31,30,1
14,1,2,225,30,1
14,1,3,30,30,1
14,2,0,194,46,1
14,2,1,44,46,1
14,2,2,226,46,1
14,2,3,46,46,1
14,3,0,211,62,1
14,3,1,61,62,1
14,3,2,227,62,1
14,3,3,62,62,1
14,4,0,164,78,1
14,4,1,74,78,1
14,4,2,228,78,1
14,4,3,78,78,1
14,5,0,181,94,1
14,5,1,91,94,1
14,5,2,229,94,1
14,5,3,94,94,1
14,6,0,134,110,1
14,6,1,104,110,1
14,6,2,230,110,1
14,6,3,110,110,1
14,7,0,151,126,1
14,7,1,121,126,1
14,7,2,231,126,1
14,7,3,126,126,1
14,8,0,104,142,1
14,8,1,134,142,1
14,8,2,232,142,1
14,8,3,142,142,1
14,9,0,121,158,1
14,9,1,151,158,1
14,9,2,233,158,1
14,9,3,158,158,1
14,10,0,74,174,1
14,10,1,164,174,1
14,10,2,234,174,1
14,10,3,174,174,1
14,11,0,91,190,1
14,11,1,181,190,1
14,11,2,235,190,1
14,11,3,190,190,1
14,12,0,44,206,1
14,12,1,194,206,1
14,12,2,236,206,1
14,12,3,206,206,1
14,13,0,61,222,1
14,13,1,211,222,1
14,13,2,237,222,1
14,13,3,222,222,1
14,14,0,14,238,1
14,14,1,224,238,1
14,14,2,238,238,1
14,14,3,238,238,1
14,15,0,31,254,1
14,15,1,241,254,1
14,15,2,239,254,1
14,15,3,254,254,1
15,0,0,240,15,1
15,0,1,15,15,1
15,0,2,240,15,1
15,0,3,15,15,1
15,1,0,225,31,1
15,1,1,30,31,1
15,1,2,241,31,1
15,1,3,31,31,1
15,2,0,210,47,1
15,2,1,45,47,1
15,2,2,242,47,1
15,2,3,47,47,1
15,3,0,195,63,1
15,3,1,60,63,1
15,3,2,243,63,1
15,3,3,63,63,1
15,4,0,180,79,1
15,4,1,75,79,1
15,4,2,244,79,1
15,4,3,79,79,1
15,5,0,165,95,1
15,5,1,90,95,1
15,5,2,245,95,1
15,5,3,95,95,1
15,6,0,150,111,1
15,6,1,105,111,1
15,6,2,246,111,1
15,6,3,111,111,1
15,7,0,135,127,1
15,7,1,120,127,1
15,7,2,247,127,1
15,7,3,127,127,1
15,8,0,120,143,1
15,8,1,135,143,1
15,8,2,248,143,1
15,8,3,143,143,1
15,9,0,105,159,1
15,9,1,150,159,1
15,9,2,249,159,1
15,9,3,159,159,1
15,10,0,90,175,1
15,10,1,165,175,1
15,10,2,250,175,1
15,10,3,175,175,1
15,11,0,75,191,1
15,11,1,180,191,1
15,11,2,251,191,1
15,11,3,191,191,1
15,12,0,60,207,1
15,12,1,195,207,1
15,12,2,252,207,1
15,12,3,207,207,1
15,13,0,45,223,1
15,13,1,210,223,1
15,13,2,253,223,1
15,13,3,223,223,1
15,14,0,30,239,1
15,14,1,225,239,1
15,14,2,254,239,1
15,14,3,239,239,1
15,15,0,15,255,1
15,15,1,240,255,1
15,15,2,255,255,1
15,15,3,255,255,1
