p,q,join_common_refinement,meet_common_coarsening
0,0,0,0
0,1,1,0
0,2,2,0
0,3,3,0
0,4,4,0
0,5,5,0
0,6,6,0
0,7,7,0
0,8,8,0
0,9,9,0
0,10,10,0
0,11,11,0
0,12,12,0
0,13,13,0
0,14,14,0
1,0,1,0
1,1,1,1
1,2,8,0
1,3,10,0
1,4,9,0
1,5,9,0
1,6,10,0
1,7,8,0
1,8,8,1
1,9,9,1
1,10,10,1
1,11,14,0
1,12,14,0
1,13,14,0
1,14,14,1
2,0,2,0
2,1,8,0
2,2,2,2
2,3,14,0
2,4,11,0
2,5,14,0
2,6,11,0
2,7,8,0
2,8,8,2
2,9,14,0
2,10,14,0
2,11,11,2
2,12,14,0
2,13,14,0
2,14,14,2
3,0,3,0
3,1,10,0
3,2,14,0
3,3,3,3
3,4,12,0
3,5,14,0
3,6,10,0
3,7,12,0
3,8,14,0
3,9,14,0
3,10,10,3
3,11,14,0
3,12,12,3
3,13,14,0
3,14,14,3
4,0,4,0
4,1,9,0
4,2,11,0
4,3,12,0
4,4,4,4
4,5,9,0
4,6,11,0
4,7,12,0
4,8,14,0
4,9,9,4
4,10,14,0
4,11,11,4
4,12,12,4
4,13,14,0
4,14,14,4
5,0,5,0
5,1,9,0
5,2,14,0
5,3,14,0
5,4,9,0
5,5,5,5
5,6,13,0
5,7,13,0
5,8,14,0
5,9,9,5
5,10,14,0
5,11,14,0
5,12,14,0
5,13,13,5
5,14,14,5
6,0,6,0
6,1,10,0
6,2,11,0
6,3,10,0
6,4,11,0
6,5,13,0
6,6,6,6
6,7,13,0
6,8,14,0
6,9,14,0
6,10,10,6
6,11,11,6
6,12,14,0
6,13,13,6
6,14,14,6
7,0,7,0
7,1,8,0
7,2,8,0
7,3,12,0
7,4,12,0
7,5,13,0
7,6,13,0
7,7,7,7
7,8,8,7
7,9,14,0
7,10,14,0
7,11,14,0
7,12,12,7
7,13,13,7
7,14,14,7
8,0,8,0
8,1,8,1
8,2,8,2
8,3,14,0
8,4,14,0
8,5,14,0
8,6,14,0
8,7,8,7
8,8,8,8
8,9,14,1
8,10,14,1
8,11,14,2
8,12,14,7
8,13,14,7
8,14,14,8
9,0,9,0
9,1,9,1
9,2,14,0
9,3,14,0
9,4,9,4
9,5,9,5
9,6,14,0
9,7,14,0
9,8,14,1
9,9,9,9
9,10,14,1
9,11,14,4
9,12,14,4
9,13,14,5
9,14,14,9
10,0,10,0
10,1,10,1
10,2,14,0
10,3,10,3
10,4,14,0
10,5,14,0
10,6,10,6
10,7,14,0
10,8,14,1
10,9,14,1
10,10,10,10
10,11,14,6
10,12,14,3
10,13,14,6
10,14,14,10
11,0,11,0
11,1,14,0
11,2,11,2
11,3,14,0
11,4,11,4
11,5,14,0
11,6,11,6
11,7,14,0
11,8,14,2
11,9,14,4
11,10,14,6
11,11,11,11
11,12,14,4
11,13,14,6
11,14,14,11
12,0,12,0
12,1,14,0
12,2,14,0
12,3,12,3
12,4,12,4
12,5,14,0
12,6,14,0
12,7,12,7
12,8,14,7
12,9,14,4
12,10,14,3
12,11,14,4
12,12,12,12
12,13,14,7
12,14,14,12
13,0,13,0
13,1,14,0
13,2,14,0
13,3,14,0
13,4,14,0
13,5,13,5
13,6,13,6
13,7,13,7
13,8,14,7
13,9,14,5
13,10,14,6
13,11,14,6
13,12,14,7
13,13,13,13
13,14,14,13
14,0,14,0
14,1,14,1
14,2,14,2
14,3,14,3
14,4,14,4
14,5,14,5
14,6,14,6
14,7,14,7
14,8,14,8
14,9,14,9
14,10,14,10
14,11,14,11
14,12,14,12
14,13,14,13
14,14,14,14
