topology_id,num_opens,open_masks,opens,T0,indiscernibility_partition_id,specialization_relation_size,num_generating_families_seen
0,2,0;15,"{};{11,10,01,00}",False,0,16,4
1,3,0;1;15,"{};{11};{11,10,01,00}",False,1,13,4
2,3,0;2;15,"{};{10};{11,10,01,00}",False,7,13,4
3,5,0;1;2;3;15,"{};{11};{10};{11,10};{11,10,01,00}",False,8,10,8
4,3,0;3;15,"{};{11,10};{11,10,01,00}",False,2,12,4
5,4,0;1;3;15,"{};{11};{11,10};{11,10,01,00}",False,8,11,4
6,4,0;2;3;15,"{};{10};{11,10};{11,10,01,00}",False,8,11,4
7,3,0;4;15,"{};{01};{11,10,01,00}",False,6,13,4
8,5,0;1;4;5;15,"{};{11};{01};{11,01};{11,10,01,00}",False,10,10,8
9,5,0;2;4;6;15,"{};{10};{01};{10,01};{11,10,01,00}",False,13,10,8
10,9,0;1;2;3;4;5;6;7;15,"{};{11};{10};{11,10};{01};{11,01};{10,01};{11,10,01};{11,10,01,00}",True,14,7,144
11,5,0;3;4;7;15,"{};{11,10};{01};{11,10,01};{11,10,01,00}",False,11,9,8
12,7,0;1;3;4;5;7;15,"{};{11};{11,10};{01};{11,01};{11,10,01};{11,10,01,00}",True,14,8,24
13,7,0;2;3;4;6;7;15,"{};{10};{11,10};{01};{10,01};{11,10,01};{11,10,01,00}",True,14,8,24
14,3,0;5;15,"{};{11,01};{11,10,01,00}",False,3,12,4
15,4,0;1;5;15,"{};{11};{11,01};{11,10,01,00}",False,10,11,4
16,5,0;2;5;7;15,"{};{10};{11,01};{11,10,01};{11,10,01,00}",False,12,9,8
17,7,0;1;2;3;5;7;15,"{};{11};{10};{11,10};{11,01};{11,10,01};{11,10,01,00}",True,14,8,24
18,6,0;1;3;5;7;15,"{};{11};{11,10};{11,01};{11,10,01};{11,10,01,00}",True,14,9,16
19,4,0;4;5;15,"{};{01};{11,01};{11,10,01,00}",False,10,11,4
20,7,0;2;4;5;6;7;15,"{};{10};{01};{11,01};{10,01};{11,10,01};{11,10,01,00}",True,14,8,24
21,3,0;6;15,"{};{10,01};{11,10,01,00}",False,5,12,4
22,5,0;1;6;7;15,"{};{11};{10,01};{11,10,01};{11,10,01,00}",False,9,9,8
23,4,0;2;6;15,"{};{10};{10,01};{11,10,01,00}",False,13,11,4
24,7,0;1;2;3;6;7;15,"{};{11};{10};{11,10};{10,01};{11,10,01};{11,10,01,00}",True,14,8,24
25,6,0;2;3;6;7;15,"{};{10};{11,10};{10,01};{11,10,01};{11,10,01,00}",True,14,9,16
26,4,0;4;6;15,"{};{01};{10,01};{11,10,01,00}",False,13,11,4
27,7,0;1;4;5;6;7;15,"{};{11};{01};{11,01};{10,01};{11,10,01};{11,10,01,00}",True,14,8,24
28,6,0;4;5;6;7;15,"{};{01};{11,01};{10,01};{11,10,01};{11,10,01,00}",True,14,9,16
29,3,0;7;15,"{};{11,10,01};{11,10,01,00}",False,4,13,4
30,4,0;1;7;15,"{};{11};{11,10,01};{11,10,01,00}",False,9,11,4
31,4,0;2;7;15,"{};{10};{11,10,01};{11,10,01,00}",False,12,11,4
32,6,0;1;2;3;7;15,"{};{11};{10};{11,10};{11,10,01};{11,10,01,00}",True,14,9,8
33,4,0;3;7;15,"{};{11,10};{11,10,01};{11,10,01,00}",False,11,11,4
34,5,0;1;3;7;15,"{};{11};{11,10};{11,10,01};{11,10,01,00}",True,14,10,4
35,5,0;2;3;7;15,"{};{10};{11,10};{11,10,01};{11,10,01,00}",True,14,10,4
36,4,0;4;7;15,"{};{01};{11,10,01};{11,10,01,00}",False,11,11,4
37,6,0;1;4;5;7;15,"{};{11};{01};{11,01};{11,10,01};{11,10,01,00}",True,14,9,8
38,6,0;2;4;6;7;15,"{};{10};{01};{10,01};{11,10,01};{11,10,01,00}",True,14,9,8
39,4,0;5;7;15,"{};{11,01};{11,10,01};{11,10,01,00}",False,12,11,4
40,5,0;1;5;7;15,"{};{11};{11,01};{11,10,01};{11,10,01,00}",True,14,10,4
41,5,0;4;5;7;15,"{};{01};{11,01};{11,10,01};{11,10,01,00}",True,14,10,4
42,4,0;6;7;15,"{};{10,01};{11,10,01};{11,10,01,00}",False,9,11,4
43,5,0;2;6;7;15,"{};{10};{10,01};{11,10,01};{11,10,01,00}",True,14,10,4
44,5,0;4;6;7;15,"{};{01};{10,01};{11,10,01};{11,10,01,00}",True,14,10,4
45,3,0;8;15,"{};{00};{11,10,01,00}",False,4,13,4
46,5,0;1;8;9;15,"{};{11};{00};{11,00};{11,10,01,00}",False,9,10,8
47,5,0;2;8;10;15,"{};{10};{00};{10,00};{11,10,01,00}",False,12,10,8
48,9,0;1;2;3;8;9;10;11;15,"{};{11};{10};{11,10};{00};{11,00};{10,00};{11,10,00};{11,10,01,00}",True,14,7,144
49,5,0;3;8;11;15,"{};{11,10};{00};{11,10,00};{11,10,01,00}",False,11,9,8
50,7,0;1;3;8;9;11;15,"{};{11};{11,10};{00};{11,00};{11,10,00};{11,10,01,00}",True,14,8,24
51,7,0;2;3;8;10;11;15,"{};{10};{11,10};{00};{10,00};{11,10,00};{11,10,01,00}",True,14,8,24
52,5,0;4;8;12;15,"{};{01};{00};{01,00};{11,10,01,00}",False,11,10,8
53,9,0;1;4;5;8;9;12;13;15,"{};{11};{01};{11,01};{00};{11,00};{01,00};{11,01,00};{11,10,01,00}",True,14,7,144
54,9,0;2;4;6;8;10;12;14;15,"{};{10};{01};{10,01};{00};{10,00};{01,00};{10,01,00};{11,10,01,00}",True,14,7,144
55,16,0;1;2;3;4;5;6;7;8;9;10;11;12;13;14;15,"{};{11};{10};{11,10};{01};{11,01};{10,01};{11,10,01};{00};{11,00};{10,00};{11,10,00};{01,00};{11,01,00};{10,01,00};{11,10,01,00}",True,14,4,38040
56,8,0;3;4;7;8;11;12;15,"{};{11,10};{01};{11,10,01};{00};{11,10,00};{01,00};{11,10,01,00}",False,11,6,72
57,12,0;1;3;4;5;7;8;9;11;12;13;15,"{};{11};{11,10};{01};{11,01};{11,10,01};{00};{11,00};{11,10,00};{01,00};{11,01,00};{11,10,01,00}",True,14,5,1288
58,12,0;2;3;4;6;7;8;10;11;12;14;15,"{};{10};{11,10};{01};{10,01};{11,10,01};{00};{10,00};{11,10,00};{01,00};{10,01,00};{11,10,01,00}",True,14,5,1288
59,5,0;5;8;13;15,"{};{11,01};{00};{11,01,00};{11,10,01,00}",False,12,9,8
60,7,0;1;5;8;9;13;15,"{};{11};{11,01};{00};{11,00};{11,01,00};{11,10,01,00}",True,14,8,24
61,8,0;2;5;7;8;10;13;15,"{};{10};{11,01};{11,10,01};{00};{10,00};{11,01,00};{11,10,01,00}",False,12,6,72
62,12,0;1;2;3;5;7;8;9;10;11;13;15,"{};{11};{10};{11,10};{11,01};{11,10,01};{00};{11,00};{10,00};{11,10,00};{11,01,00};{11,10,01,00}",True,14,5,1288
63,10,0;1;3;5;7;8;9;11;13;15,"{};{11};{11,10};{11,01};{11,10,01};{00};{11,00};{11,10,00};{11,01,00};{11,10,01,00}",True,14,6,208
64,7,0;4;5;8;12;13;15,"{};{01};{11,01};{00};{01,00};{11,01,00};{11,10,01,00}",True,14,8,24
65,12,0;2;4;5;6;7;8;10;12;13;14;15,"{};{10};{01};{11,01};{10,01};{11,10,01};{00};{10,00};{01,00};{11,01,00};{10,01,00};{11,10,01,00}",True,14,5,1288
66,5,0;6;8;14;15,"{};{10,01};{00};{10,01,00};{11,10,01,00}",False,9,9,8
67,8,0;1;6;7;8;9;14;15,"{};{11};{10,01};{11,10,01};{00};{11,00};{10,01,00};{11,10,01,00}",False,9,6,72
68,7,0;2;6;8;10;14;15,"{};{10};{10,01};{00};{10,00};{10,01,00};{11,10,01,00}",True,14,8,24
69,12,0;1;2;3;6;7;8;9;10;11;14;15,"{};{11};{10};{11,10};{10,01};{11,10,01};{00};{11,00};{10,00};{11,10,00};{10,01,00};{11,10,01,00}",True,14,5,1288
70,10,0;2;3;6;7;8;10;11;14;15,"{};{10};{11,10};{10,01};{11,10,01};{00};{10,00};{11,10,00};{10,01,00};{11,10,01,00}",True,14,6,208
71,7,0;4;6;8;12;14;15,"{};{01};{10,01};{00};{01,00};{10,01,00};{11,10,01,00}",True,14,8,24
72,12,0;1;4;5;6;7;8;9;12;13;14;15,"{};{11};{01};{11,01};{10,01};{11,10,01};{00};{11,00};{01,00};{11,01,00};{10,01,00};{11,10,01,00}",True,14,5,1288
73,10,0;4;5;6;7;8;12;13;14;15,"{};{01};{11,01};{10,01};{11,10,01};{00};{01,00};{11,01,00};{10,01,00};{11,10,01,00}",True,14,6,208
74,4,0;7;8;15,"{};{11,10,01};{00};{11,10,01,00}",False,4,10,4
75,6,0;1;7;8;9;15,"{};{11};{11,10,01};{00};{11,00};{11,10,01,00}",False,9,8,12
76,6,0;2;7;8;10;15,"{};{10};{11,10,01};{00};{10,00};{11,10,01,00}",False,12,8,12
77,10,0;1;2;3;7;8;9;10;11;15,"{};{11};{10};{11,10};{11,10,01};{00};{11,00};{10,00};{11,10,00};{11,10,01,00}",True,14,6,208
78,6,0;3;7;8;11;15,"{};{11,10};{11,10,01};{00};{11,10,00};{11,10,01,00}",False,11,8,12
79,8,0;1;3;7;8;9;11;15,"{};{11};{11,10};{11,10,01};{00};{11,00};{11,10,00};{11,10,01,00}",True,14,7,36
80,8,0;2;3;7;8;10;11;15,"{};{10};{11,10};{11,10,01};{00};{10,00};{11,10,00};{11,10,01,00}",True,14,7,36
81,6,0;4;7;8;12;15,"{};{01};{11,10,01};{00};{01,00};{11,10,01,00}",False,11,8,12
82,10,0;1;4;5;7;8;9;12;13;15,"{};{11};{01};{11,01};{11,10,01};{00};{11,00};{01,00};{11,01,00};{11,10,01,00}",True,14,6,208
83,10,0;2;4;6;7;8;10;12;14;15,"{};{10};{01};{10,01};{11,10,01};{00};{10,00};{01,00};{10,01,00};{11,10,01,00}",True,14,6,208
84,6,0;5;7;8;13;15,"{};{11,01};{11,10,01};{00};{11,01,00};{11,10,01,00}",False,12,8,12
85,8,0;1;5;7;8;9;13;15,"{};{11};{11,01};{11,10,01};{00};{11,00};{11,01,00};{11,10,01,00}",True,14,7,36
86,8,0;4;5;7;8;12;13;15,"{};{01};{11,01};{11,10,01};{00};{01,00};{11,01,00};{11,10,01,00}",True,14,7,36
87,6,0;6;7;8;14;15,"{};{10,01};{11,10,01};{00};{10,01,00};{11,10,01,00}",False,9,8,12
88,8,0;2;6;7;8;10;14;15,"{};{10};{10,01};{11,10,01};{00};{10,00};{10,01,00};{11,10,01,00}",True,14,7,36
89,8,0;4;6;7;8;12;14;15,"{};{01};{10,01};{11,10,01};{00};{01,00};{10,01,00};{11,10,01,00}",True,14,7,36
90,3,0;9;15,"{};{11,00};{11,10,01,00}",False,5,12,4
91,4,0;1;9;15,"{};{11};{11,00};{11,10,01,00}",False,9,11,4
92,5,0;2;9;11;15,"{};{10};{11,00};{11,10,00};{11,10,01,00}",False,13,9,8
93,7,0;1;2;3;9;11;15,"{};{11};{10};{11,10};{11,00};{11,10,00};{11,10,01,00}",True,14,8,24
94,6,0;1;3;9;11;15,"{};{11};{11,10};{11,00};{11,10,00};{11,10,01,00}",True,14,9,16
95,5,0;4;9;13;15,"{};{01};{11,00};{11,01,00};{11,10,01,00}",False,13,9,8
96,7,0;1;4;5;9;13;15,"{};{11};{01};{11,01};{11,00};{11,01,00};{11,10,01,00}",True,14,8,24
97,8,0;2;4;6;9;11;13;15,"{};{10};{01};{10,01};{11,00};{11,10,00};{11,01,00};{11,10,01,00}",False,13,6,72
98,12,0;1;2;3;4;5;6;7;9;11;13;15,"{};{11};{10};{11,10};{01};{11,01};{10,01};{11,10,01};{11,00};{11,10,00};{11,01,00};{11,10,01,00}",True,14,5,1288
99,10,0;1;3;4;5;7;9;11;13;15,"{};{11};{11,10};{01};{11,01};{11,10,01};{11,00};{11,10,00};{11,01,00};{11,10,01,00}",True,14,6,208
100,6,0;1;5;9;13;15,"{};{11};{11,01};{11,00};{11,01,00};{11,10,01,00}",True,14,9,16
101,10,0;1;2;3;5;7;9;11;13;15,"{};{11};{10};{11,10};{11,01};{11,10,01};{11,00};{11,10,00};{11,01,00};{11,10,01,00}",True,14,6,208
102,9,0;1;3;5;7;9;11;13;15,"{};{11};{11,10};{11,01};{11,10,01};{11,00};{11,10,00};{11,01,00};{11,10,01,00}",True,14,7,144
103,4,0;6;9;15,"{};{10,01};{11,00};{11,10,01,00}",False,5,8,4
104,6,0;1;6;7;9;15,"{};{11};{10,01};{11,10,01};{11,00};{11,10,01,00}",False,9,7,12
105,6,0;2;6;9;11;15,"{};{10};{10,01};{11,00};{11,10,00};{11,10,01,00}",False,13,7,12
106,9,0;1;2;3;6;7;9;11;15,"{};{11};{10};{11,10};{10,01};{11,10,01};{11,00};{11,10,00};{11,10,01,00}",True,14,6,100
107,6,0;4;6;9;13;15,"{};{01};{10,01};{11,00};{11,01,00};{11,10,01,00}",False,13,7,12
108,9,0;1;4;5;6;7;9;13;15,"{};{11};{01};{11,01};{10,01};{11,10,01};{11,00};{11,01,00};{11,10,01,00}",True,14,6,100
109,5,0;1;7;9;15,"{};{11};{11,10,01};{11,00};{11,10,01,00}",False,9,9,8
110,8,0;1;2;3;7;9;11;15,"{};{11};{10};{11,10};{11,10,01};{11,00};{11,10,00};{11,10,01,00}",True,14,7,32
111,7,0;1;3;7;9;11;15,"{};{11};{11,10};{11,10,01};{11,00};{11,10,00};{11,10,01,00}",True,14,8,24
112,8,0;1;4;5;7;9;13;15,"{};{11};{01};{11,01};{11,10,01};{11,00};{11,01,00};{11,10,01,00}",True,14,7,32
113,7,0;1;5;7;9;13;15,"{};{11};{11,01};{11,10,01};{11,00};{11,01,00};{11,10,01,00}",True,14,8,24
114,4,0;8;9;15,"{};{00};{11,00};{11,10,01,00}",False,9,11,4
115,7,0;2;8;9;10;11;15,"{};{10};{00};{11,00};{10,00};{11,10,00};{11,10,01,00}",True,14,8,24
116,7,0;4;8;9;12;13;15,"{};{01};{00};{11,00};{01,00};{11,01,00};{11,10,01,00}",True,14,8,24
117,12,0;2;4;6;8;9;10;11;12;13;14;15,"{};{10};{01};{10,01};{00};{11,00};{10,00};{11,10,00};{01,00};{11,01,00};{10,01,00};{11,10,01,00}",True,14,5,1288
118,6,0;6;8;9;14;15,"{};{10,01};{00};{11,00};{10,01,00};{11,10,01,00}",False,9,7,12
119,9,0;2;6;8;9;10;11;14;15,"{};{10};{10,01};{00};{11,00};{10,00};{11,10,00};{10,01,00};{11,10,01,00}",True,14,6,100
120,9,0;4;6;8;9;12;13;14;15,"{};{01};{10,01};{00};{11,00};{01,00};{11,01,00};{10,01,00};{11,10,01,00}",True,14,6,100
121,3,0;10;15,"{};{10,00};{11,10,01,00}",False,3,12,4
122,5,0;1;10;11;15,"{};{11};{10,00};{11,10,00};{11,10,01,00}",False,10,9,8
123,4,0;2;10;15,"{};{10};{10,00};{11,10,01,00}",False,12,11,4
124,7,0;1;2;3;10;11;15,"{};{11};{10};{11,10};{10,00};{11,10,00};{11,10,01,00}",True,14,8,24
125,6,0;2;3;10;11;15,"{};{10};{11,10};{10,00};{11,10,00};{11,10,01,00}",True,14,9,16
126,5,0;4;10;14;15,"{};{01};{10,00};{10,01,00};{11,10,01,00}",False,10,9,8
127,8,0;1;4;5;10;11;14;15,"{};{11};{01};{11,01};{10,00};{11,10,00};{10,01,00};{11,10,01,00}",False,10,6,72
128,7,0;2;4;6;10;14;15,"{};{10};{01};{10,01};{10,00};{10,01,00};{11,10,01,00}",True,14,8,24
129,12,0;1;2;3;4;5;6;7;10;11;14;15,"{};{11};{10};{11,10};{01};{11,01};{10,01};{11,10,01};{10,00};{11,10,00};{10,01,00};{11,10,01,00}",True,14,5,1288
130,10,0;2;3;4;6;7;10;11;14;15,"{};{10};{11,10};{01};{10,01};{11,10,01};{10,00};{11,10,00};{10,01,00};{11,10,01,00}",True,14,6,208
131,4,0;5;10;15,"{};{11,01};{10,00};{11,10,01,00}",False,3,8,4
132,6,0;1;5;10;11;15,"{};{11};{11,01};{10,00};{11,10,00};{11,10,01,00}",False,10,7,12
133,6,0;2;5;7;10;15,"{};{10};{11,01};{11,10,01};{10,00};{11,10,01,00}",False,12,7,12
134,9,0;1;2;3;5;7;10;11;15,"{};{11};{10};{11,10};{11,01};{11,10,01};{10,00};{11,10,00};{11,10,01,00}",True,14,6,100
135,6,0;4;5;10;14;15,"{};{01};{11,01};{10,00};{10,01,00};{11,10,01,00}",False,10,7,12
136,9,0;2;4;5;6;7;10;14;15,"{};{10};{01};{11,01};{10,01};{11,10,01};{10,00};{10,01,00};{11,10,01,00}",True,14,6,100
137,6,0;2;6;10;14;15,"{};{10};{10,01};{10,00};{10,01,00};{11,10,01,00}",True,14,9,16
138,10,0;1;2;3;6;7;10;11;14;15,"{};{11};{10};{11,10};{10,01};{11,10,01};{10,00};{11,10,00};{10,01,00};{11,10,01,00}",True,14,6,208
139,9,0;2;3;6;7;10;11;14;15,"{};{10};{11,10};{10,01};{11,10,01};{10,00};{11,10,00};{10,01,00};{11,10,01,00}",True,14,7,144
140,5,0;2;7;10;15,"{};{10};{11,10,01};{10,00};{11,10,01,00}",False,12,9,8
141,8,0;1;2;3;7;10;11;15,"{};{11};{10};{11,10};{11,10,01};{10,00};{11,10,00};{11,10,01,00}",True,14,7,32
142,7,0;2;3;7;10;11;15,"{};{10};{11,10};{11,10,01};{10,00};{11,10,00};{11,10,01,00}",True,14,8,24
143,8,0;2;4;6;7;10;14;15,"{};{10};{01};{10,01};{11,10,01};{10,00};{10,01,00};{11,10,01,00}",True,14,7,32
144,7,0;2;6;7;10;14;15,"{};{10};{10,01};{11,10,01};{10,00};{10,01,00};{11,10,01,00}",True,14,8,24
145,4,0;8;10;15,"{};{00};{10,00};{11,10,01,00}",False,12,11,4
146,7,0;1;8;9;10;11;15,"{};{11};{00};{11,00};{10,00};{11,10,00};{11,10,01,00}",True,14,8,24
147,7,0;4;8;10;12;14;15,"{};{01};{00};{10,00};{01,00};{10,01,00};{11,10,01,00}",True,14,8,24
148,12,0;1;4;5;8;9;10;11;12;13;14;15,"{};{11};{01};{11,01};{00};{11,00};{10,00};{11,10,00};{01,00};{11,01,00};{10,01,00};{11,10,01,00}",True,14,5,1288
149,6,0;5;8;10;13;15,"{};{11,01};{00};{10,00};{11,01,00};{11,10,01,00}",False,12,7,12
150,9,0;1;5;8;9;10;11;13;15,"{};{11};{11,01};{00};{11,00};{10,00};{11,10,00};{11,01,00};{11,10,01,00}",True,14,6,100
151,9,0;4;5;8;10;12;13;14;15,"{};{01};{11,01};{00};{10,00};{01,00};{11,01,00};{10,01,00};{11,10,01,00}",True,14,6,100
152,6,0;8;9;10;11;15,"{};{00};{11,00};{10,00};{11,10,00};{11,10,01,00}",True,14,9,16
153,10,0;4;8;9;10;11;12;13;14;15,"{};{01};{00};{11,00};{10,00};{11,10,00};{01,00};{11,01,00};{10,01,00};{11,10,01,00}",True,14,6,208
154,3,0;11;15,"{};{11,10,00};{11,10,01,00}",False,6,13,4
155,4,0;1;11;15,"{};{11};{11,10,00};{11,10,01,00}",False,10,11,4
156,4,0;2;11;15,"{};{10};{11,10,00};{11,10,01,00}",False,13,11,4
157,6,0;1;2;3;11;15,"{};{11};{10};{11,10};{11,10,00};{11,10,01,00}",True,14,9,8
158,4,0;3;11;15,"{};{11,10};{11,10,00};{11,10,01,00}",False,11,11,4
159,5,0;1;3;11;15,"{};{11};{11,10};{11,10,00};{11,10,01,00}",True,14,10,4
160,5,0;2;3;11;15,"{};{10};{11,10};{11,10,00};{11,10,01,00}",True,14,10,4
161,4,0;4;11;15,"{};{01};{11,10,00};{11,10,01,00}",False,6,10,4
162,6,0;1;4;5;11;15,"{};{11};{01};{11,01};{11,10,00};{11,10,01,00}",False,10,8,12
163,6,0;2;4;6;11;15,"{};{10};{01};{10,01};{11,10,00};{11,10,01,00}",False,13,8,12
164,10,0;1;2;3;4;5;6;7;11;15,"{};{11};{10};{11,10};{01};{11,01};{10,01};{11,10,01};{11,10,00};{11,10,01,00}",True,14,6,208
165,6,0;3;4;7;11;15,"{};{11,10};{01};{11,10,01};{11,10,00};{11,10,01,00}",False,11,8,12
166,8,0;1;3;4;5;7;11;15,"{};{11};{11,10};{01};{11,01};{11,10,01};{11,10,00};{11,10,01,00}",True,14,7,36
167,8,0;2;3;4;6;7;11;15,"{};{10};{11,10};{01};{10,01};{11,10,01};{11,10,00};{11,10,01,00}",True,14,7,36
168,5,0;1;5;11;15,"{};{11};{11,01};{11,10,00};{11,10,01,00}",False,10,9,8
169,8,0;1;2;3;5;7;11;15,"{};{11};{10};{11,10};{11,01};{11,10,01};{11,10,00};{11,10,01,00}",True,14,7,32
170,7,0;1;3;5;7;11;15,"{};{11};{11,10};{11,01};{11,10,01};{11,10,00};{11,10,01,00}",True,14,8,24
171,5,0;2;6;11;15,"{};{10};{10,01};{11,10,00};{11,10,01,00}",False,13,9,8
172,8,0;1;2;3;6;7;11;15,"{};{11};{10};{11,10};{10,01};{11,10,01};{11,10,00};{11,10,01,00}",True,14,7,32
173,7,0;2;3;6;7;11;15,"{};{10};{11,10};{10,01};{11,10,01};{11,10,00};{11,10,01,00}",True,14,8,24
174,5,0;3;7;11;15,"{};{11,10};{11,10,01};{11,10,00};{11,10,01,00}",False,11,10,8
175,6,0;1;3;7;11;15,"{};{11};{11,10};{11,10,01};{11,10,00};{11,10,01,00}",True,14,9,8
176,6,0;2;3;7;11;15,"{};{10};{11,10};{11,10,01};{11,10,00};{11,10,01,00}",True,14,9,8
177,7,0;1;2;3;7;11;15,"{};{11};{10};{11,10};{11,10,01};{11,10,00};{11,10,01,00}",True,14,8,8
178,4,0;8;11;15,"{};{00};{11,10,00};{11,10,01,00}",False,11,11,4
179,6,0;1;8;9;11;15,"{};{11};{00};{11,00};{11,10,00};{11,10,01,00}",True,14,9,8
180,6,0;2;8;10;11;15,"{};{10};{00};{10,00};{11,10,00};{11,10,01,00}",True,14,9,8
181,6,0;4;8;11;12;15,"{};{01};{00};{11,10,00};{01,00};{11,10,01,00}",False,11,8,12
182,10,0;1;4;5;8;9;11;12;13;15,"{};{11};{01};{11,01};{00};{11,00};{11,10,00};{01,00};{11,01,00};{11,10,01,00}",True,14,6,208
183,10,0;2;4;6;8;10;11;12;14;15,"{};{10};{01};{10,01};{00};{10,00};{11,10,00};{01,00};{10,01,00};{11,10,01,00}",True,14,6,208
184,8,0;1;5;8;9;11;13;15,"{};{11};{11,01};{00};{11,00};{11,10,00};{11,01,00};{11,10,01,00}",True,14,7,32
185,8,0;2;6;8;10;11;14;15,"{};{10};{10,01};{00};{10,00};{11,10,00};{10,01,00};{11,10,01,00}",True,14,7,32
186,4,0;9;11;15,"{};{11,00};{11,10,00};{11,10,01,00}",False,13,11,4
187,5,0;1;9;11;15,"{};{11};{11,00};{11,10,00};{11,10,01,00}",True,14,10,4
188,6,0;4;9;11;13;15,"{};{01};{11,00};{11,10,00};{11,01,00};{11,10,01,00}",False,13,8,12
189,8,0;1;4;5;9;11;13;15,"{};{11};{01};{11,01};{11,00};{11,10,00};{11,01,00};{11,10,01,00}",True,14,7,36
190,7,0;1;5;9;11;13;15,"{};{11};{11,01};{11,00};{11,10,00};{11,01,00};{11,10,01,00}",True,14,8,24
191,5,0;8;9;11;15,"{};{00};{11,00};{11,10,00};{11,10,01,00}",True,14,10,4
192,8,0;4;8;9;11;12;13;15,"{};{01};{00};{11,00};{11,10,00};{01,00};{11,01,00};{11,10,01,00}",True,14,7,36
193,4,0;10;11;15,"{};{10,00};{11,10,00};{11,10,01,00}",False,10,11,4
194,5,0;2;10;11;15,"{};{10};{10,00};{11,10,00};{11,10,01,00}",True,14,10,4
195,6,0;4;10;11;14;15,"{};{01};{10,00};{11,10,00};{10,01,00};{11,10,01,00}",False,10,8,12
196,8,0;2;4;6;10;11;14;15,"{};{10};{01};{10,01};{10,00};{11,10,00};{10,01,00};{11,10,01,00}",True,14,7,36
197,7,0;2;6;10;11;14;15,"{};{10};{10,01};{10,00};{11,10,00};{10,01,00};{11,10,01,00}",True,14,8,24
198,5,0;8;10;11;15,"{};{00};{10,00};{11,10,00};{11,10,01,00}",True,14,10,4
199,8,0;4;8;10;11;12;14;15,"{};{01};{00};{10,00};{11,10,00};{01,00};{10,01,00};{11,10,01,00}",True,14,7,36
200,3,0;12;15,"{};{01,00};{11,10,01,00}",False,2,12,4
201,5,0;1;12;13;15,"{};{11};{01,00};{11,01,00};{11,10,01,00}",False,8,9,8
202,5,0;2;12;14;15,"{};{10};{01,00};{10,01,00};{11,10,01,00}",False,8,9,8
203,8,0;1;2;3;12;13;14;15,"{};{11};{10};{11,10};{01,00};{11,01,00};{10,01,00};{11,10,01,00}",False,8,6,72
204,4,0;3;12;15,"{};{11,10};{01,00};{11,10,01,00}",False,2,8,4
205,6,0;1;3;12;13;15,"{};{11};{11,10};{01,00};{11,01,00};{11,10,01,00}",False,8,7,12
206,6,0;2;3;12;14;15,"{};{10};{11,10};{01,00};{10,01,00};{11,10,01,00}",False,8,7,12
207,4,0;4;12;15,"{};{01};{01,00};{11,10,01,00}",False,11,11,4
208,7,0;1;4;5;12;13;15,"{};{11};{01};{11,01};{01,00};{11,01,00};{11,10,01,00}",True,14,8,24
209,7,0;2;4;6;12;14;15,"{};{10};{01};{10,01};{01,00};{10,01,00};{11,10,01,00}",True,14,8,24
210,12,0;1;2;3;4;5;6;7;12;13;14;15,"{};{11};{10};{11,10};{01};{11,01};{10,01};{11,10,01};{01,00};{11,01,00};{10,01,00};{11,10,01,00}",True,14,5,1288
211,6,0;3;4;7;12;15,"{};{11,10};{01};{11,10,01};{01,00};{11,10,01,00}",False,11,7,12
212,9,0;1;3;4;5;7;12;13;15,"{};{11};{11,10};{01};{11,01};{11,10,01};{01,00};{11,01,00};{11,10,01,00}",True,14,6,100
213,9,0;2;3;4;6;7;12;14;15,"{};{10};{11,10};{01};{10,01};{11,10,01};{01,00};{10,01,00};{11,10,01,00}",True,14,6,100
214,6,0;4;5;12;13;15,"{};{01};{11,01};{01,00};{11,01,00};{11,10,01,00}",True,14,9,16
215,10,0;2;4;5;6;7;12;13;14;15,"{};{10};{01};{11,01};{10,01};{11,10,01};{01,00};{11,01,00};{10,01,00};{11,10,01,00}",True,14,6,208
216,6,0;4;6;12;14;15,"{};{01};{10,01};{01,00};{10,01,00};{11,10,01,00}",True,14,9,16
217,10,0;1;4;5;6;7;12;13;14;15,"{};{11};{01};{11,01};{10,01};{11,10,01};{01,00};{11,01,00};{10,01,00};{11,10,01,00}",True,14,6,208
218,9,0;4;5;6;7;12;13;14;15,"{};{01};{11,01};{10,01};{11,10,01};{01,00};{11,01,00};{10,01,00};{11,10,01,00}",True,14,7,144
219,5,0;4;7;12;15,"{};{01};{11,10,01};{01,00};{11,10,01,00}",False,11,9,8
220,8,0;1;4;5;7;12;13;15,"{};{11};{01};{11,01};{11,10,01};{01,00};{11,01,00};{11,10,01,00}",True,14,7,32
221,8,0;2;4;6;7;12;14;15,"{};{10};{01};{10,01};{11,10,01};{01,00};{10,01,00};{11,10,01,00}",True,14,7,32
222,7,0;4;5;7;12;13;15,"{};{01};{11,01};{11,10,01};{01,00};{11,01,00};{11,10,01,00}",True,14,8,24
223,7,0;4;6;7;12;14;15,"{};{01};{10,01};{11,10,01};{01,00};{10,01,00};{11,10,01,00}",True,14,8,24
224,4,0;8;12;15,"{};{00};{01,00};{11,10,01,00}",False,11,11,4
225,7,0;1;8;9;12;13;15,"{};{11};{00};{11,00};{01,00};{11,01,00};{11,10,01,00}",True,14,8,24
226,7,0;2;8;10;12;14;15,"{};{10};{00};{10,00};{01,00};{10,01,00};{11,10,01,00}",True,14,8,24
227,12,0;1;2;3;8;9;10;11;12;13;14;15,"{};{11};{10};{11,10};{00};{11,00};{10,00};{11,10,00};{01,00};{11,01,00};{10,01,00};{11,10,01,00}",True,14,5,1288
228,6,0;3;8;11;12;15,"{};{11,10};{00};{11,10,00};{01,00};{11,10,01,00}",False,11,7,12
229,9,0;1;3;8;9;11;12;13;15,"{};{11};{11,10};{00};{11,00};{11,10,00};{01,00};{11,01,00};{11,10,01,00}",True,14,6,100
230,9,0;2;3;8;10;11;12;14;15,"{};{10};{11,10};{00};{10,00};{11,10,00};{01,00};{10,01,00};{11,10,01,00}",True,14,6,100
231,6,0;8;9;12;13;15,"{};{00};{11,00};{01,00};{11,01,00};{11,10,01,00}",True,14,9,16
232,10,0;2;8;9;10;11;12;13;14;15,"{};{10};{00};{11,00};{10,00};{11,10,00};{01,00};{11,01,00};{10,01,00};{11,10,01,00}",True,14,6,208
233,6,0;8;10;12;14;15,"{};{00};{10,00};{01,00};{10,01,00};{11,10,01,00}",True,14,9,16
234,10,0;1;8;9;10;11;12;13;14;15,"{};{11};{00};{11,00};{10,00};{11,10,00};{01,00};{11,01,00};{10,01,00};{11,10,01,00}",True,14,6,208
235,9,0;8;9;10;11;12;13;14;15,"{};{00};{11,00};{10,00};{11,10,00};{01,00};{11,01,00};{10,01,00};{11,10,01,00}",True,14,7,144
236,5,0;8;11;12;15,"{};{00};{11,10,00};{01,00};{11,10,01,00}",False,11,9,8
237,8,0;1;8;9;11;12;13;15,"{};{11};{00};{11,00};{11,10,00};{01,00};{11,01,00};{11,10,01,00}",True,14,7,32
238,8,0;2;8;10;11;12;14;15,"{};{10};{00};{10,00};{11,10,00};{01,00};{10,01,00};{11,10,01,00}",True,14,7,32
239,7,0;8;9;11;12;13;15,"{};{00};{11,00};{11,10,00};{01,00};{11,01,00};{11,10,01,00}",True,14,8,24
240,7,0;8;10;11;12;14;15,"{};{00};{10,00};{11,10,00};{01,00};{10,01,00};{11,10,01,00}",True,14,8,24
241,3,0;13;15,"{};{11,01,00};{11,10,01,00}",False,7,13,4
242,4,0;1;13;15,"{};{11};{11,01,00};{11,10,01,00}",False,8,11,4
243,4,0;2;13;15,"{};{10};{11,01,00};{11,10,01,00}",False,7,10,4
244,6,0;1;2;3;13;15,"{};{11};{10};{11,10};{11,01,00};{11,10,01,00}",False,8,8,12
245,5,0;1;3;13;15,"{};{11};{11,10};{11,01,00};{11,10,01,00}",False,8,9,8
246,4,0;4;13;15,"{};{01};{11,01,00};{11,10,01,00}",False,13,11,4
247,6,0;1;4;5;13;15,"{};{11};{01};{11,01};{11,01,00};{11,10,01,00}",True,14,9,8
248,6,0;2;4;6;13;15,"{};{10};{01};{10,01};{11,01,00};{11,10,01,00}",False,13,8,12
249,10,0;1;2;3;4;5;6;7;13;15,"{};{11};{10};{11,10};{01};{11,01};{10,01};{11,10,01};{11,01,00};{11,10,01,00}",True,14,6,208
250,8,0;1;3;4;5;7;13;15,"{};{11};{11,10};{01};{11,01};{11,10,01};{11,01,00};{11,10,01,00}",True,14,7,32
251,4,0;5;13;15,"{};{11,01};{11,01,00};{11,10,01,00}",False,12,11,4
252,5,0;1;5;13;15,"{};{11};{11,01};{11,01,00};{11,10,01,00}",True,14,10,4
253,6,0;2;5;7;13;15,"{};{10};{11,01};{11,10,01};{11,01,00};{11,10,01,00}",False,12,8,12
254,8,0;1;2;3;5;7;13;15,"{};{11};{10};{11,10};{11,01};{11,10,01};{11,01,00};{11,10,01,00}",True,14,7,36
255,7,0;1;3;5;7;13;15,"{};{11};{11,10};{11,01};{11,10,01};{11,01,00};{11,10,01,00}",True,14,8,24
256,5,0;4;5;13;15,"{};{01};{11,01};{11,01,00};{11,10,01,00}",True,14,10,4
257,8,0;2;4;5;6;7;13;15,"{};{10};{01};{11,01};{10,01};{11,10,01};{11,01,00};{11,10,01,00}",True,14,7,36
258,5,0;4;6;13;15,"{};{01};{10,01};{11,01,00};{11,10,01,00}",False,13,9,8
259,8,0;1;4;5;6;7;13;15,"{};{11};{01};{11,01};{10,01};{11,10,01};{11,01,00};{11,10,01,00}",True,14,7,32
260,7,0;4;5;6;7;13;15,"{};{01};{11,01};{10,01};{11,10,01};{11,01,00};{11,10,01,00}",True,14,8,24
261,5,0;5;7;13;15,"{};{11,01};{11,10,01};{11,01,00};{11,10,01,00}",False,12,10,8
262,6,0;1;5;7;13;15,"{};{11};{11,01};{11,10,01};{11,01,00};{11,10,01,00}",True,14,9,8
263,6,0;4;5;7;13;15,"{};{01};{11,01};{11,10,01};{11,01,00};{11,10,01,00}",True,14,9,8
264,7,0;1;4;5;7;13;15,"{};{11};{01};{11,01};{11,10,01};{11,01,00};{11,10,01,00}",True,14,8,8
265,4,0;8;13;15,"{};{00};{11,01,00};{11,10,01,00}",False,12,11,4
266,6,0;1;8;9;13;15,"{};{11};{00};{11,00};{11,01,00};{11,10,01,00}",True,14,9,8
267,6,0;2;8;10;13;15,"{};{10};{00};{10,00};{11,01,00};{11,10,01,00}",False,12,8,12
268,10,0;1;2;3;8;9;10;11;13;15,"{};{11};{10};{11,10};{00};{11,00};{10,00};{11,10,00};{11,01,00};{11,10,01,00}",True,14,6,208
269,8,0;1;3;8;9;11;13;15,"{};{11};{11,10};{00};{11,00};{11,10,00};{11,01,00};{11,10,01,00}",True,14,7,32
270,6,0;4;8;12;13;15,"{};{01};{00};{01,00};{11,01,00};{11,10,01,00}",True,14,9,8
271,10,0;2;4;6;8;10;12;13;14;15,"{};{10};{01};{10,01};{00};{10,00};{01,00};{11,01,00};{10,01,00};{11,10,01,00}",True,14,6,208
272,8,0;4;6;8;12;13;14;15,"{};{01};{10,01};{00};{01,00};{11,01,00};{10,01,00};{11,10,01,00}",True,14,7,32
273,4,0;9;13;15,"{};{11,00};{11,01,00};{11,10,01,00}",False,13,11,4
274,5,0;1;9;13;15,"{};{11};{11,00};{11,01,00};{11,10,01,00}",True,14,10,4
275,6,0;2;9;11;13;15,"{};{10};{11,00};{11,10,00};{11,01,00};{11,10,01,00}",False,13,8,12
276,8,0;1;2;3;9;11;13;15,"{};{11};{10};{11,10};{11,00};{11,10,00};{11,01,00};{11,10,01,00}",True,14,7,36
277,7,0;1;3;9;11;13;15,"{};{11};{11,10};{11,00};{11,10,00};{11,01,00};{11,10,01,00}",True,14,8,24
278,5,0;8;9;13;15,"{};{00};{11,00};{11,01,00};{11,10,01,00}",True,14,10,4
279,8,0;2;8;9;10;11;13;15,"{};{10};{00};{11,00};{10,00};{11,10,00};{11,01,00};{11,10,01,00}",True,14,7,36
280,5,0;8;10;13;15,"{};{00};{10,00};{11,01,00};{11,10,01,00}",False,12,9,8
281,8,0;1;8;9;10;11;13;15,"{};{11};{00};{11,00};{10,00};{11,10,00};{11,01,00};{11,10,01,00}",True,14,7,32
282,8,0;4;8;10;12;13;14;15,"{};{01};{00};{10,00};{01,00};{11,01,00};{10,01,00};{11,10,01,00}",True,14,7,32
283,7,0;8;9;10;11;13;15,"{};{00};{11,00};{10,00};{11,10,00};{11,01,00};{11,10,01,00}",True,14,8,24
284,5,0;9;11;13;15,"{};{11,00};{11,10,00};{11,01,00};{11,10,01,00}",False,13,10,8
285,6,0;1;9;11;13;15,"{};{11};{11,00};{11,10,00};{11,01,00};{11,10,01,00}",True,14,9,8
286,6,0;8;9;11;13;15,"{};{00};{11,00};{11,10,00};{11,01,00};{11,10,01,00}",True,14,9,8
287,7,0;1;8;9;11;13;15,"{};{11};{00};{11,00};{11,10,00};{11,01,00};{11,10,01,00}",True,14,8,8
288,4,0;12;13;15,"{};{01,00};{11,01,00};{11,10,01,00}",False,8,11,4
289,6,0;2;12;13;14;15,"{};{10};{01,00};{11,01,00};{10,01,00};{11,10,01,00}",False,8,8,12
290,5,0;4;12;13;15,"{};{01};{01,00};{11,01,00};{11,10,01,00}",True,14,10,4
291,8,0;2;4;6;12;13;14;15,"{};{10};{01};{10,01};{01,00};{11,01,00};{10,01,00};{11,10,01,00}",True,14,7,36
292,7,0;4;6;12;13;14;15,"{};{01};{10,01};{01,00};{11,01,00};{10,01,00};{11,10,01,00}",True,14,8,24
293,5,0;8;12;13;15,"{};{00};{01,00};{11,01,00};{11,10,01,00}",True,14,10,4
294,8,0;2;8;10;12;13;14;15,"{};{10};{00};{10,00};{01,00};{11,01,00};{10,01,00};{11,10,01,00}",True,14,7,36
295,7,0;8;10;12;13;14;15,"{};{00};{10,00};{01,00};{11,01,00};{10,01,00};{11,10,01,00}",True,14,8,24
296,3,0;14;15,"{};{10,01,00};{11,10,01,00}",False,1,13,4
297,4,0;1;14;15,"{};{11};{10,01,00};{11,10,01,00}",False,1,10,4
298,4,0;2;14;15,"{};{10};{10,01,00};{11,10,01,00}",False,8,11,4
299,6,0;1;2;3;14;15,"{};{11};{10};{11,10};{10,01,00};{11,10,01,00}",False,8,8,12
300,5,0;2;3;14;15,"{};{10};{11,10};{10,01,00};{11,10,01,00}",False,8,9,8
301,4,0;4;14;15,"{};{01};{10,01,00};{11,10,01,00}",False,10,11,4
302,6,0;1;4;5;14;15,"{};{11};{01};{11,01};{10,01,00};{11,10,01,00}",False,10,8,12
303,6,0;2;4;6;14;15,"{};{10};{01};{10,01};{10,01,00};{11,10,01,00}",True,14,9,8
304,10,0;1;2;3;4;5;6;7;14;15,"{};{11};{10};{11,10};{01};{11,01};{10,01};{11,10,01};{10,01,00};{11,10,01,00}",True,14,6,208
305,8,0;2;3;4;6;7;14;15,"{};{10};{11,10};{01};{10,01};{11,10,01};{10,01,00};{11,10,01,00}",True,14,7,32
306,5,0;4;5;14;15,"{};{01};{11,01};{10,01,00};{11,10,01,00}",False,10,9,8
307,8,0;2;4;5;6;7;14;15,"{};{10};{01};{11,01};{10,01};{11,10,01};{10,01,00};{11,10,01,00}",True,14,7,32
308,4,0;6;14;15,"{};{10,01};{10,01,00};{11,10,01,00}",False,9,11,4
309,6,0;1;6;7;14;15,"{};{11};{10,01};{11,10,01};{10,01,00};{11,10,01,00}",False,9,8,12
310,5,0;2;6;14;15,"{};{10};{10,01};{10,01,00};{11,10,01,00}",True,14,10,4
311,8,0;1;2;3;6;7;14;15,"{};{11};{10};{11,10};{10,01};{11,10,01};{10,01,00};{11,10,01,00}",True,14,7,36
312,7,0;2;3;6;7;14;15,"{};{10};{11,10};{10,01};{11,10,01};{10,01,00};{11,10,01,00}",True,14,8,24
313,5,0;4;6;14;15,"{};{01};{10,01};{10,01,00};{11,10,01,00}",True,14,10,4
314,8,0;1;4;5;6;7;14;15,"{};{11};{01};{11,01};{10,01};{11,10,01};{10,01,00};{11,10,01,00}",True,14,7,36
315,7,0;4;5;6;7;14;15,"{};{01};{11,01};{10,01};{11,10,01};{10,01,00};{11,10,01,00}",True,14,8,24
316,5,0;6;7;14;15,"{};{10,01};{11,10,01};{10,01,00};{11,10,01,00}",False,9,10,8
317,6,0;2;6;7;14;15,"{};{10};{10,01};{11,10,01};{10,01,00};{11,10,01,00}",True,14,9,8
318,6,0;4;6;7;14;15,"{};{01};{10,01};{11,10,01};{10,01,00};{11,10,01,00}",True,14,9,8
319,7,0;2;4;6;7;14;15,"{};{10};{01};{10,01};{11,10,01};{10,01,00};{11,10,01,00}",True,14,8,8
320,4,0;8;14;15,"{};{00};{10,01,00};{11,10,01,00}",False,9,11,4
321,6,0;1;8;9;14;15,"{};{11};{00};{11,00};{10,01,00};{11,10,01,00}",False,9,8,12
322,6,0;2;8;10;14;15,"{};{10};{00};{10,00};{10,01,00};{11,10,01,00}",True,14,9,8
323,10,0;1;2;3;8;9;10;11;14;15,"{};{11};{10};{11,10};{00};{11,00};{10,00};{11,10,00};{10,01,00};{11,10,01,00}",True,14,6,208
324,8,0;2;3;8;10;11;14;15,"{};{10};{11,10};{00};{10,00};{11,10,00};{10,01,00};{11,10,01,00}",True,14,7,32
325,6,0;4;8;12;14;15,"{};{01};{00};{01,00};{10,01,00};{11,10,01,00}",True,14,9,8
326,10,0;1;4;5;8;9;12;13;14;15,"{};{11};{01};{11,01};{00};{11,00};{01,00};{11,01,00};{10,01,00};{11,10,01,00}",True,14,6,208
327,8,0;4;5;8;12;13;14;15,"{};{01};{11,01};{00};{01,00};{11,01,00};{10,01,00};{11,10,01,00}",True,14,7,32
328,5,0;8;9;14;15,"{};{00};{11,00};{10,01,00};{11,10,01,00}",False,9,9,8
329,8,0;2;8;9;10;11;14;15,"{};{10};{00};{11,00};{10,00};{11,10,00};{10,01,00};{11,10,01,00}",True,14,7,32
330,8,0;4;8;9;12;13;14;15,"{};{01};{00};{11,00};{01,00};{11,01,00};{10,01,00};{11,10,01,00}",True,14,7,32
331,4,0;10;14;15,"{};{10,00};{10,01,00};{11,10,01,00}",False,10,11,4
332,6,0;1;10;11;14;15,"{};{11};{10,00};{11,10,00};{10,01,00};{11,10,01,00}",False,10,8,12
333,5,0;2;10;14;15,"{};{10};{10,00};{10,01,00};{11,10,01,00}",True,14,10,4
334,8,0;1;2;3;10;11;14;15,"{};{11};{10};{11,10};{10,00};{11,10,00};{10,01,00};{11,10,01,00}",True,14,7,36
335,7,0;2;3;10;11;14;15,"{};{10};{11,10};{10,00};{11,10,00};{10,01,00};{11,10,01,00}",True,14,8,24
336,5,0;8;10;14;15,"{};{00};{10,00};{10,01,00};{11,10,01,00}",True,14,10,4
337,8,0;1;8;9;10;11;14;15,"{};{11};{00};{11,00};{10,00};{11,10,00};{10,01,00};{11,10,01,00}",True,14,7,36
338,7,0;8;9;10;11;14;15,"{};{00};{11,00};{10,00};{11,10,00};{10,01,00};{11,10,01,00}",True,14,8,24
339,5,0;10;11;14;15,"{};{10,00};{11,10,00};{10,01,00};{11,10,01,00}",False,10,10,8
340,6,0;2;10;11;14;15,"{};{10};{10,00};{11,10,00};{10,01,00};{11,10,01,00}",True,14,9,8
341,6,0;8;10;11;14;15,"{};{00};{10,00};{11,10,00};{10,01,00};{11,10,01,00}",True,14,9,8
342,7,0;2;8;10;11;14;15,"{};{10};{00};{10,00};{11,10,00};{10,01,00};{11,10,01,00}",True,14,8,8
343,4,0;12;14;15,"{};{01,00};{10,01,00};{11,10,01,00}",False,8,11,4
344,6,0;1;12;13;14;15,"{};{11};{01,00};{11,01,00};{10,01,00};{11,10,01,00}",False,8,8,12
345,5,0;4;12;14;15,"{};{01};{01,00};{10,01,00};{11,10,01,00}",True,14,10,4
346,8,0;1;4;5;12;13;14;15,"{};{11};{01};{11,01};{01,00};{11,01,00};{10,01,00};{11,10,01,00}",True,14,7,36
347,7,0;4;5;12;13;14;15,"{};{01};{11,01};{01,00};{11,01,00};{10,01,00};{11,10,01,00}",True,14,8,24
348,5,0;8;12;14;15,"{};{00};{01,00};{10,01,00};{11,10,01,00}",True,14,10,4
349,8,0;1;8;9;12;13;14;15,"{};{11};{00};{11,00};{01,00};{11,01,00};{10,01,00};{11,10,01,00}",True,14,7,36
350,7,0;8;9;12;13;14;15,"{};{00};{11,00};{01,00};{11,01,00};{10,01,00};{11,10,01,00}",True,14,8,24
351,5,0;12;13;14;15,"{};{01,00};{11,01,00};{10,01,00};{11,10,01,00}",False,8,10,8
352,6,0;4;12;13;14;15,"{};{01};{01,00};{11,01,00};{10,01,00};{11,10,01,00}",True,14,9,8
353,6,0;8;12;13;14;15,"{};{00};{01,00};{11,01,00};{10,01,00};{11,10,01,00}",True,14,9,8
354,7,0;4;8;12;13;14;15,"{};{01};{00};{01,00};{11,01,00};{10,01,00};{11,10,01,00}",True,14,8,8
