source_partition,event_id,event_name,target_partition,source_blocks,target_blocks,strict_refinement,event_already_measurable,ambiguity_pairs_before,ambiguity_pairs_after
0,0,FALSE/0,0,1,1,False,True,6,6
0,1,AND,1,1,2,True,False,6,3
0,2,X-and-not-Y,7,1,2,True,False,6,3
0,3,X,2,1,2,True,False,6,2
0,4,not-X-and-Y,6,1,2,True,False,6,3
0,5,Y,3,1,2,True,False,6,2
0,6,XOR,5,1,2,True,False,6,2
0,7,OR,4,1,2,True,False,6,3
0,8,NOR,4,1,2,True,False,6,3
0,9,XNOR/equivalence,5,1,2,True,False,6,2
0,10,NOT Y,3,1,2,True,False,6,2
0,11,Y implies X,6,1,2,True,False,6,3
0,12,NOT X,2,1,2,True,False,6,2
0,13,X implies Y,7,1,2,True,False,6,3
0,14,NAND,1,1,2,True,False,6,3
0,15,TRUE/1,0,1,1,False,True,6,6
1,0,FALSE/0,1,2,2,False,True,3,3
1,1,AND,1,2,2,False,True,3,3
1,2,X-and-not-Y,8,2,3,True,False,3,1
1,3,X,8,2,3,True,False,3,1
1,4,not-X-and-Y,10,2,3,True,False,3,1
1,5,Y,10,2,3,True,False,3,1
1,6,XOR,9,2,3,True,False,3,1
1,7,OR,9,2,3,True,False,3,1
1,8,NOR,9,2,3,True,False,3,1
1,9,XNOR/equivalence,9,2,3,True,False,3,1
1,10,NOT Y,10,2,3,True,False,3,1
1,11,Y implies X,10,2,3,True,False,3,1
1,12,NOT X,8,2,3,True,False,3,1
1,13,X implies Y,8,2,3,True,False,3,1
1,14,NAND,1,2,2,False,True,3,3
1,15,TRUE/1,1,2,2,False,True,3,3
2,0,FALSE/0,2,2,2,False,True,2,2
2,1,AND,8,2,3,True,False,2,1
2,2,X-and-not-Y,8,2,3,True,False,2,1
2,3,X,2,2,2,False,True,2,2
2,4,not-X-and-Y,11,2,3,True,False,2,1
2,5,Y,14,2,4,True,False,2,0
2,6,XOR,14,2,4,True,False,2,0
2,7,OR,11,2,3,True,False,2,1
2,8,NOR,11,2,3,True,False,2,1
2,9,XNOR/equivalence,14,2,4,True,False,2,0
2,10,NOT Y,14,2,4,True,False,2,0
2,11,Y implies X,11,2,3,True,False,2,1
2,12,NOT X,2,2,2,False,True,2,2
2,13,X implies Y,8,2,3,True,False,2,1
2,14,NAND,8,2,3,True,False,2,1
2,15,TRUE/1,2,2,2,False,True,2,2
3,0,FALSE/0,3,2,2,False,True,2,2
3,1,AND,10,2,3,True,False,2,1
3,2,X-and-not-Y,12,2,3,True,False,2,1
3,3,X,14,2,4,True,False,2,0
3,4,not-X-and-Y,10,2,3,True,False,2,1
3,5,Y,3,2,2,False,True,2,2
3,6,XOR,14,2,4,True,False,2,0
3,7,OR,12,2,3,True,False,2,1
3,8,NOR,12,2,3,True,False,2,1
3,9,XNOR/equivalence,14,2,4,True,False,2,0
3,10,NOT Y,3,2,2,False,True,2,2
3,11,Y implies X,10,2,3,True,False,2,1
3,12,NOT X,14,2,4,True,False,2,0
3,13,X implies Y,12,2,3,True,False,2,1
3,14,NAND,10,2,3,True,False,2,1
3,15,TRUE/1,3,2,2,False,True,2,2
4,0,FALSE/0,4,2,2,False,True,3,3
4,1,AND,9,2,3,True,False,3,1
4,2,X-and-not-Y,12,2,3,True,False,3,1
4,3,X,11,2,3,True,False,3,1
4,4,not-X-and-Y,11,2,3,True,False,3,1
4,5,Y,12,2,3,True,False,3,1
4,6,XOR,9,2,3,True,False,3,1
4,7,OR,4,2,2,False,True,3,3
4,8,NOR,4,2,2,False,True,3,3
4,9,XNOR/equivalence,9,2,3,True,False,3,1
4,10,NOT Y,12,2,3,True,False,3,1
4,11,Y implies X,11,2,3,True,False,3,1
4,12,NOT X,11,2,3,True,False,3,1
4,13,X implies Y,12,2,3,True,False,3,1
4,14,NAND,9,2,3,True,False,3,1
4,15,TRUE/1,4,2,2,False,True,3,3
5,0,FALSE/0,5,2,2,False,True,2,2
5,1,AND,9,2,3,True,False,2,1
5,2,X-and-not-Y,13,2,3,True,False,2,1
5,3,X,14,2,4,True,False,2,0
5,4,not-X-and-Y,13,2,3,True,False,2,1
5,5,Y,14,2,4,True,False,2,0
5,6,XOR,5,2,2,False,True,2,2
5,7,OR,9,2,3,True,False,2,1
5,8,NOR,9,2,3,True,False,2,1
5,9,XNOR/equivalence,5,2,2,False,True,2,2
5,10,NOT Y,14,2,4,True,False,2,0
5,11,Y implies X,13,2,3,True,False,2,1
5,12,NOT X,14,2,4,True,False,2,0
5,13,X implies Y,13,2,3,True,False,2,1
5,14,NAND,9,2,3,True,False,2,1
5,15,TRUE/1,5,2,2,False,True,2,2
6,0,FALSE/0,6,2,2,False,True,3,3
6,1,AND,10,2,3,True,False,3,1
6,2,X-and-not-Y,13,2,3,True,False,3,1
6,3,X,11,2,3,True,False,3,1
6,4,not-X-and-Y,6,2,2,False,True,3,3
6,5,Y,10,2,3,True,False,3,1
6,6,XOR,13,2,3,True,False,3,1
6,7,OR,11,2,3,True,False,3,1
6,8,NOR,11,2,3,True,False,3,1
6,9,XNOR/equivalence,13,2,3,True,False,3,1
6,10,NOT Y,10,2,3,True,False,3,1
6,11,Y implies X,6,2,2,False,True,3,3
6,12,NOT X,11,2,3,True,False,3,1
6,13,X implies Y,13,2,3,True,False,3,1
6,14,NAND,10,2,3,True,False,3,1
6,15,TRUE/1,6,2,2,False,True,3,3
7,0,FALSE/0,7,2,2,False,True,3,3
7,1,AND,8,2,3,True,False,3,1
7,2,X-and-not-Y,7,2,2,False,True,3,3
7,3,X,8,2,3,True,False,3,1
7,4,not-X-and-Y,13,2,3,True,False,3,1
7,5,Y,12,2,3,True,False,3,1
7,6,XOR,13,2,3,True,False,3,1
7,7,OR,12,2,3,True,False,3,1
7,8,NOR,12,2,3,True,False,3,1
7,9,XNOR/equivalence,13,2,3,True,False,3,1
7,10,NOT Y,12,2,3,True,False,3,1
7,11,Y implies X,13,2,3,True,False,3,1
7,12,NOT X,8,2,3,True,False,3,1
7,13,X implies Y,7,2,2,False,True,3,3
7,14,NAND,8,2,3,True,False,3,1
7,15,TRUE/1,7,2,2,False,True,3,3
8,0,FALSE/0,8,3,3,False,True,1,1
8,1,AND,8,3,3,False,True,1,1
8,2,X-and-not-Y,8,3,3,False,True,1,1
8,3,X,8,3,3,False,True,1,1
8,4,not-X-and-Y,14,3,4,True,False,1,0
8,5,Y,14,3,4,True,False,1,0
8,6,XOR,14,3,4,True,False,1,0
8,7,OR,14,3,4,True,False,1,0
8,8,NOR,14,3,4,True,False,1,0
8,9,XNOR/equivalence,14,3,4,True,False,1,0
8,10,NOT Y,14,3,4,True,False,1,0
8,11,Y implies X,14,3,4,True,False,1,0
8,12,NOT X,8,3,3,False,True,1,1
8,13,X implies Y,8,3,3,False,True,1,1
8,14,NAND,8,3,3,False,True,1,1
8,15,TRUE/1,8,3,3,False,True,1,1
9,0,FALSE/0,9,3,3,False,True,1,1
9,1,AND,9,3,3,False,True,1,1
9,2,X-and-not-Y,14,3,4,True,False,1,0
9,3,X,14,3,4,True,False,1,0
9,4,not-X-and-Y,14,3,4,True,False,1,0
9,5,Y,14,3,4,True,False,1,0
9,6,XOR,9,3,3,False,True,1,1
9,7,OR,9,3,3,False,True,1,1
9,8,NOR,9,3,3,False,True,1,1
9,9,XNOR/equivalence,9,3,3,False,True,1,1
9,10,NOT Y,14,3,4,True,False,1,0
9,11,Y implies X,14,3,4,True,False,1,0
9,12,NOT X,14,3,4,True,False,1,0
9,13,X implies Y,14,3,4,True,False,1,0
9,14,NAND,9,3,3,False,True,1,1
9,15,TRUE/1,9,3,3,False,True,1,1
10,0,FALSE/0,10,3,3,False,True,1,1
10,1,AND,10,3,3,False,True,1,1
10,2,X-and-not-Y,14,3,4,True,False,1,0
10,3,X,14,3,4,True,False,1,0
10,4,not-X-and-Y,10,3,3,False,True,1,1
10,5,Y,10,3,3,False,True,1,1
10,6,XOR,14,3,4,True,False,1,0
10,7,OR,14,3,4,True,False,1,0
10,8,NOR,14,3,4,True,False,1,0
10,9,XNOR/equivalence,14,3,4,True,False,1,0
10,10,NOT Y,10,3,3,False,True,1,1
10,11,Y implies X,10,3,3,False,True,1,1
10,12,NOT X,14,3,4,True,False,1,0
10,13,X implies Y,14,3,4,True,False,1,0
10,14,NAND,10,3,3,False,True,1,1
10,15,TRUE/1,10,3,3,False,True,1,1
11,0,FALSE/0,11,3,3,False,True,1,1
11,1,AND,14,3,4,True,False,1,0
11,2,X-and-not-Y,14,3,4,True,False,1,0
11,3,X,11,3,3,False,True,1,1
11,4,not-X-and-Y,11,3,3,False,True,1,1
11,5,Y,14,3,4,True,False,1,0
11,6,XOR,14,3,4,True,False,1,0
11,7,OR,11,3,3,False,True,1,1
11,8,NOR,11,3,3,False,True,1,1
11,9,XNOR/equivalence,14,3,4,True,False,1,0
11,10,NOT Y,14,3,4,True,False,1,0
11,11,Y implies X,11,3,3,False,True,1,1
11,12,NOT X,11,3,3,False,True,1,1
11,13,X implies Y,14,3,4,True,False,1,0
11,14,NAND,14,3,4,True,False,1,0
11,15,TRUE/1,11,3,3,False,True,1,1
12,0,FALSE/0,12,3,3,False,True,1,1
12,1,AND,14,3,4,True,False,1,0
12,2,X-and-not-Y,12,3,3,False,True,1,1
12,3,X,14,3,4,True,False,1,0
12,4,not-X-and-Y,14,3,4,True,False,1,0
12,5,Y,12,3,3,False,True,1,1
12,6,XOR,14,3,4,True,False,1,0
12,7,OR,12,3,3,False,True,1,1
12,8,NOR,12,3,3,False,True,1,1
12,9,XNOR/equivalence,14,3,4,True,False,1,0
12,10,NOT Y,12,3,3,False,True,1,1
12,11,Y implies X,14,3,4,True,False,1,0
12,12,NOT X,14,3,4,True,False,1,0
12,13,X implies Y,12,3,3,False,True,1,1
12,14,NAND,14,3,4,True,False,1,0
12,15,TRUE/1,12,3,3,False,True,1,1
13,0,FALSE/0,13,3,3,False,True,1,1
13,1,AND,14,3,4,True,False,1,0
13,2,X-and-not-Y,13,3,3,False,True,1,1
13,3,X,14,3,4,True,False,1,0
13,4,not-X-and-Y,13,3,3,False,True,1,1
13,5,Y,14,3,4,True,False,1,0
13,6,XOR,13,3,3,False,True,1,1
13,7,OR,14,3,4,True,False,1,0
13,8,NOR,14,3,4,True,False,1,0
13,9,XNOR/equivalence,13,3,3,False,True,1,1
13,10,NOT Y,14,3,4,True,False,1,0
13,11,Y implies X,13,3,3,False,True,1,1
13,12,NOT X,14,3,4,True,False,1,0
13,13,X implies Y,13,3,3,False,True,1,1
13,14,NAND,14,3,4,True,False,1,0
13,15,TRUE/1,13,3,3,False,True,1,1
14,0,FALSE/0,14,4,4,False,True,0,0
14,1,AND,14,4,4,False,True,0,0
14,2,X-and-not-Y,14,4,4,False,True,0,0
14,3,X,14,4,4,False,True,0,0
14,4,not-X-and-Y,14,4,4,False,True,0,0
14,5,Y,14,4,4,False,True,0,0
14,6,XOR,14,4,4,False,True,0,0
14,7,OR,14,4,4,False,True,0,0
14,8,NOR,14,4,4,False,True,0,0
14,9,XNOR/equivalence,14,4,4,False,True,0,0
14,10,NOT Y,14,4,4,False,True,0,0
14,11,Y implies X,14,4,4,False,True,0,0
14,12,NOT X,14,4,4,False,True,0,0
14,13,X implies Y,14,4,4,False,True,0,0
14,14,NAND,14,4,4,False,True,0,0
14,15,TRUE/1,14,4,4,False,True,0,0
