partition_id,S_mask,S,S_size,global_classes,effective_classes,ambiguity_pairs,distinguished_pairs,max_ambiguity_class,invisible_symmetry_order,fully_distinguished_on_S
0,0,{},0,1,0,0,0,0,1,True
0,1,{11},1,1,1,0,0,1,1,True
0,2,{10},1,1,1,0,0,1,1,True
0,3,"{11,10}",2,1,1,1,0,2,2,False
0,4,{01},1,1,1,0,0,1,1,True
0,5,"{11,01}",2,1,1,1,0,2,2,False
0,6,"{10,01}",2,1,1,1,0,2,2,False
0,7,"{11,10,01}",3,1,1,3,0,3,6,False
0,8,{00},1,1,1,0,0,1,1,True
0,9,"{11,00}",2,1,1,1,0,2,2,False
0,10,"{10,00}",2,1,1,1,0,2,2,False
0,11,"{11,10,00}",3,1,1,3,0,3,6,False
0,12,"{01,00}",2,1,1,1,0,2,2,False
0,13,"{11,01,00}",3,1,1,3,0,3,6,False
0,14,"{10,01,00}",3,1,1,3,0,3,6,False
0,15,"{11,10,01,00}",4,1,1,6,0,4,24,False
1,0,{},0,2,0,0,0,0,1,True
1,1,{11},1,2,1,0,0,1,1,True
1,2,{10},1,2,1,0,0,1,1,True
1,3,"{11,10}",2,2,2,0,1,1,1,True
1,4,{01},1,2,1,0,0,1,1,True
1,5,"{11,01}",2,2,2,0,1,1,1,True
1,6,"{10,01}",2,2,1,1,0,2,2,False
1,7,"{11,10,01}",3,2,2,1,2,2,2,False
1,8,{00},1,2,1,0,0,1,1,True
1,9,"{11,00}",2,2,2,0,1,1,1,True
1,10,"{10,00}",2,2,1,1,0,2,2,False
1,11,"{11,10,00}",3,2,2,1,2,2,2,False
1,12,"{01,00}",2,2,1,1,0,2,2,False
1,13,"{11,01,00}",3,2,2,1,2,2,2,False
1,14,"{10,01,00}",3,2,1,3,0,3,6,False
1,15,"{11,10,01,00}",4,2,2,3,3,3,6,False
2,0,{},0,2,0,0,0,0,1,True
2,1,{11},1,2,1,0,0,1,1,True
2,2,{10},1,2,1,0,0,1,1,True
2,3,"{11,10}",2,2,1,1,0,2,2,False
2,4,{01},1,2,1,0,0,1,1,True
2,5,"{11,01}",2,2,2,0,1,1,1,True
2,6,"{10,01}",2,2,2,0,1,1,1,True
2,7,"{11,10,01}",3,2,2,1,2,2,2,False
2,8,{00},1,2,1,0,0,1,1,True
2,9,"{11,00}",2,2,2,0,1,1,1,True
2,10,"{10,00}",2,2,2,0,1,1,1,True
2,11,"{11,10,00}",3,2,2,1,2,2,2,False
2,12,"{01,00}",2,2,1,1,0,2,2,False
2,13,"{11,01,00}",3,2,2,1,2,2,2,False
2,14,"{10,01,00}",3,2,2,1,2,2,2,False
2,15,"{11,10,01,00}",4,2,2,2,4,2,4,False
3,0,{},0,2,0,0,0,0,1,True
3,1,{11},1,2,1,0,0,1,1,True
3,2,{10},1,2,1,0,0,1,1,True
3,3,"{11,10}",2,2,2,0,1,1,1,True
3,4,{01},1,2,1,0,0,1,1,True
3,5,"{11,01}",2,2,1,1,0,2,2,False
3,6,"{10,01}",2,2,2,0,1,1,1,True
3,7,"{11,10,01}",3,2,2,1,2,2,2,False
3,8,{00},1,2,1,0,0,1,1,True
3,9,"{11,00}",2,2,2,0,1,1,1,True
3,10,"{10,00}",2,2,1,1,0,2,2,False
3,11,"{11,10,00}",3,2,2,1,2,2,2,False
3,12,"{01,00}",2,2,2,0,1,1,1,True
3,13,"{11,01,00}",3,2,2,1,2,2,2,False
3,14,"{10,01,00}",3,2,2,1,2,2,2,False
3,15,"{11,10,01,00}",4,2,2,2,4,2,4,False
4,0,{},0,2,0,0,0,0,1,True
4,1,{11},1,2,1,0,0,1,1,True
4,2,{10},1,2,1,0,0,1,1,True
4,3,"{11,10}",2,2,1,1,0,2,2,False
4,4,{01},1,2,1,0,0,1,1,True
4,5,"{11,01}",2,2,1,1,0,2,2,False
4,6,"{10,01}",2,2,1,1,0,2,2,False
4,7,"{11,10,01}",3,2,1,3,0,3,6,False
4,8,{00},1,2,1,0,0,1,1,True
4,9,"{11,00}",2,2,2,0,1,1,1,True
4,10,"{10,00}",2,2,2,0,1,1,1,True
4,11,"{11,10,00}",3,2,2,1,2,2,2,False
4,12,"{01,00}",2,2,2,0,1,1,1,True
4,13,"{11,01,00}",3,2,2,1,2,2,2,False
4,14,"{10,01,00}",3,2,2,1,2,2,2,False
4,15,"{11,10,01,00}",4,2,2,3,3,3,6,False
5,0,{},0,2,0,0,0,0,1,True
5,1,{11},1,2,1,0,0,1,1,True
5,2,{10},1,2,1,0,0,1,1,True
5,3,"{11,10}",2,2,2,0,1,1,1,True
5,4,{01},1,2,1,0,0,1,1,True
5,5,"{11,01}",2,2,2,0,1,1,1,True
5,6,"{10,01}",2,2,1,1,0,2,2,False
5,7,"{11,10,01}",3,2,2,1,2,2,2,False
5,8,{00},1,2,1,0,0,1,1,True
5,9,"{11,00}",2,2,1,1,0,2,2,False
5,10,"{10,00}",2,2,2,0,1,1,1,True
5,11,"{11,10,00}",3,2,2,1,2,2,2,False
5,12,"{01,00}",2,2,2,0,1,1,1,True
5,13,"{11,01,00}",3,2,2,1,2,2,2,False
5,14,"{10,01,00}",3,2,2,1,2,2,2,False
5,15,"{11,10,01,00}",4,2,2,2,4,2,4,False
6,0,{},0,2,0,0,0,0,1,True
6,1,{11},1,2,1,0,0,1,1,True
6,2,{10},1,2,1,0,0,1,1,True
6,3,"{11,10}",2,2,1,1,0,2,2,False
6,4,{01},1,2,1,0,0,1,1,True
6,5,"{11,01}",2,2,2,0,1,1,1,True
6,6,"{10,01}",2,2,2,0,1,1,1,True
6,7,"{11,10,01}",3,2,2,1,2,2,2,False
6,8,{00},1,2,1,0,0,1,1,True
6,9,"{11,00}",2,2,1,1,0,2,2,False
6,10,"{10,00}",2,2,1,1,0,2,2,False
6,11,"{11,10,00}",3,2,1,3,0,3,6,False
6,12,"{01,00}",2,2,2,0,1,1,1,True
6,13,"{11,01,00}",3,2,2,1,2,2,2,False
6,14,"{10,01,00}",3,2,2,1,2,2,2,False
6,15,"{11,10,01,00}",4,2,2,3,3,3,6,False
7,0,{},0,2,0,0,0,0,1,True
7,1,{11},1,2,1,0,0,1,1,True
7,2,{10},1,2,1,0,0,1,1,True
7,3,"{11,10}",2,2,2,0,1,1,1,True
7,4,{01},1,2,1,0,0,1,1,True
7,5,"{11,01}",2,2,1,1,0,2,2,False
7,6,"{10,01}",2,2,2,0,1,1,1,True
7,7,"{11,10,01}",3,2,2,1,2,2,2,False
7,8,{00},1,2,1,0,0,1,1,True
7,9,"{11,00}",2,2,1,1,0,2,2,False
7,10,"{10,00}",2,2,2,0,1,1,1,True
7,11,"{11,10,00}",3,2,2,1,2,2,2,False
7,12,"{01,00}",2,2,1,1,0,2,2,False
7,13,"{11,01,00}",3,2,1,3,0,3,6,False
7,14,"{10,01,00}",3,2,2,1,2,2,2,False
7,15,"{11,10,01,00}",4,2,2,3,3,3,6,False
8,0,{},0,3,0,0,0,0,1,True
8,1,{11},1,3,1,0,0,1,1,True
8,2,{10},1,3,1,0,0,1,1,True
8,3,"{11,10}",2,3,2,0,1,1,1,True
8,4,{01},1,3,1,0,0,1,1,True
8,5,"{11,01}",2,3,2,0,1,1,1,True
8,6,"{10,01}",2,3,2,0,1,1,1,True
8,7,"{11,10,01}",3,3,3,0,3,1,1,True
8,8,{00},1,3,1,0,0,1,1,True
8,9,"{11,00}",2,3,2,0,1,1,1,True
8,10,"{10,00}",2,3,2,0,1,1,1,True
8,11,"{11,10,00}",3,3,3,0,3,1,1,True
8,12,"{01,00}",2,3,1,1,0,2,2,False
8,13,"{11,01,00}",3,3,2,1,2,2,2,False
8,14,"{10,01,00}",3,3,2,1,2,2,2,False
8,15,"{11,10,01,00}",4,3,3,1,5,2,2,False
9,0,{},0,3,0,0,0,0,1,True
9,1,{11},1,3,1,0,0,1,1,True
9,2,{10},1,3,1,0,0,1,1,True
9,3,"{11,10}",2,3,2,0,1,1,1,True
9,4,{01},1,3,1,0,0,1,1,True
9,5,"{11,01}",2,3,2,0,1,1,1,True
9,6,"{10,01}",2,3,1,1,0,2,2,False
9,7,"{11,10,01}",3,3,2,1,2,2,2,False
9,8,{00},1,3,1,0,0,1,1,True
9,9,"{11,00}",2,3,2,0,1,1,1,True
9,10,"{10,00}",2,3,2,0,1,1,1,True
9,11,"{11,10,00}",3,3,3,0,3,1,1,True
9,12,"{01,00}",2,3,2,0,1,1,1,True
9,13,"{11,01,00}",3,3,3,0,3,1,1,True
9,14,"{10,01,00}",3,3,2,1,2,2,2,False
9,15,"{11,10,01,00}",4,3,3,1,5,2,2,False
10,0,{},0,3,0,0,0,0,1,True
10,1,{11},1,3,1,0,0,1,1,True
10,2,{10},1,3,1,0,0,1,1,True
10,3,"{11,10}",2,3,2,0,1,1,1,True
10,4,{01},1,3,1,0,0,1,1,True
10,5,"{11,01}",2,3,2,0,1,1,1,True
10,6,"{10,01}",2,3,2,0,1,1,1,True
10,7,"{11,10,01}",3,3,3,0,3,1,1,True
10,8,{00},1,3,1,0,0,1,1,True
10,9,"{11,00}",2,3,2,0,1,1,1,True
10,10,"{10,00}",2,3,1,1,0,2,2,False
10,11,"{11,10,00}",3,3,2,1,2,2,2,False
10,12,"{01,00}",2,3,2,0,1,1,1,True
10,13,"{11,01,00}",3,3,3,0,3,1,1,True
10,14,"{10,01,00}",3,3,2,1,2,2,2,False
10,15,"{11,10,01,00}",4,3,3,1,5,2,2,False
11,0,{},0,3,0,0,0,0,1,True
11,1,{11},1,3,1,0,0,1,1,True
11,2,{10},1,3,1,0,0,1,1,True
11,3,"{11,10}",2,3,1,1,0,2,2,False
11,4,{01},1,3,1,0,0,1,1,True
11,5,"{11,01}",2,3,2,0,1,1,1,True
11,6,"{10,01}",2,3,2,0,1,1,1,True
11,7,"{11,10,01}",3,3,2,1,2,2,2,False
11,8,{00},1,3,1,0,0,1,1,True
11,9,"{11,00}",2,3,2,0,1,1,1,True
11,10,"{10,00}",2,3,2,0,1,1,1,True
11,11,"{11,10,00}",3,3,2,1,2,2,2,False
11,12,"{01,00}",2,3,2,0,1,1,1,True
11,13,"{11,01,00}",3,3,3,0,3,1,1,True
11,14,"{10,01,00}",3,3,3,0,3,1,1,True
11,15,"{11,10,01,00}",4,3,3,1,5,2,2,False
12,0,{},0,3,0,0,0,0,1,True
12,1,{11},1,3,1,0,0,1,1,True
12,2,{10},1,3,1,0,0,1,1,True
12,3,"{11,10}",2,3,2,0,1,1,1,True
12,4,{01},1,3,1,0,0,1,1,True
12,5,"{11,01}",2,3,1,1,0,2,2,False
12,6,"{10,01}",2,3,2,0,1,1,1,True
12,7,"{11,10,01}",3,3,2,1,2,2,2,False
12,8,{00},1,3,1,0,0,1,1,True
12,9,"{11,00}",2,3,2,0,1,1,1,True
12,10,"{10,00}",2,3,2,0,1,1,1,True
12,11,"{11,10,00}",3,3,3,0,3,1,1,True
12,12,"{01,00}",2,3,2,0,1,1,1,True
12,13,"{11,01,00}",3,3,2,1,2,2,2,False
12,14,"{10,01,00}",3,3,3,0,3,1,1,True
12,15,"{11,10,01,00}",4,3,3,1,5,2,2,False
13,0,{},0,3,0,0,0,0,1,True
13,1,{11},1,3,1,0,0,1,1,True
13,2,{10},1,3,1,0,0,1,1,True
13,3,"{11,10}",2,3,2,0,1,1,1,True
13,4,{01},1,3,1,0,0,1,1,True
13,5,"{11,01}",2,3,2,0,1,1,1,True
13,6,"{10,01}",2,3,2,0,1,1,1,True
13,7,"{11,10,01}",3,3,3,0,3,1,1,True
13,8,{00},1,3,1,0,0,1,1,True
13,9,"{11,00}",2,3,1,1,0,2,2,False
13,10,"{10,00}",2,3,2,0,1,1,1,True
13,11,"{11,10,00}",3,3,2,1,2,2,2,False
13,12,"{01,00}",2,3,2,0,1,1,1,True
13,13,"{11,01,00}",3,3,2,1,2,2,2,False
13,14,"{10,01,00}",3,3,3,0,3,1,1,True
13,15,"{11,10,01,00}",4,3,3,1,5,2,2,False
14,0,{},0,4,0,0,0,0,1,True
14,1,{11},1,4,1,0,0,1,1,True
14,2,{10},1,4,1,0,0,1,1,True
14,3,"{11,10}",2,4,2,0,1,1,1,True
14,4,{01},1,4,1,0,0,1,1,True
14,5,"{11,01}",2,4,2,0,1,1,1,True
14,6,"{10,01}",2,4,2,0,1,1,1,True
14,7,"{11,10,01}",3,4,3,0,3,1,1,True
14,8,{00},1,4,1,0,0,1,1,True
14,9,"{11,00}",2,4,2,0,1,1,1,True
14,10,"{10,00}",2,4,2,0,1,1,1,True
14,11,"{11,10,00}",3,4,3,0,3,1,1,True
14,12,"{01,00}",2,4,2,0,1,1,1,True
14,13,"{11,01,00}",3,4,3,0,3,1,1,True
14,14,"{10,01,00}",3,4,3,0,3,1,1,True
14,15,"{11,10,01,00}",4,4,4,0,6,1,1,True
