Claim,Exact formal statement,Closest prior work,Earliest located source,Equivalent / stronger / weaker?,What remains distinctive,Novelty confidence,Publication recommendation,Additional searches still needed
T1. Four-cycle centralizer,Cent(R)=F2[R] ~= F2[x]/(x^4-1) ~= F2[u]/u^4; u=I+R; 16 elements.,Classical cyclic-vector/regular representation and circulant polynomial theory [MacWilliams1971].,"MacWilliams 1971 is a close explicit located source; centralizer theory is older, earliest origin not established.",A/B: equivalent classical algebra; general cyclic centralizer theorem is stronger.,CM truth-position geometry motivates a realization; it does not change the algebra.,Known; CM interpretation: New synthesis,Background,Retrieve older circulant and cyclic-centralizer references; inspect Bricken exact matrix note for the semantic origin.
T2. Degree and reversibility,"For N=2^n and any truth ordering, Lambda_N(f) is invertible iff XOR_x f(x)=1 iff top ANF coefficient=1 iff deg(f)=n. For n=2 only, equivalent to non-affineness.",Augmentation unit criterion; Boolean parity/top ANF identity; periodic cyclic convolution [MacWilliams1971; Carlet2010; GamesChan1983].,MacWilliams 1971 and Games-Chan 1983 for close algebraic/sequence components; exact earliest Boolean bridge not established.,"C: direct corollary; higher-arity nonlinearity slogan is false, maximum-degree version true.",A compact binary semantic bridge; no equivalent explicit CM wording located.,"New synthesis, not a strong theorem-novelty candidate",Secondary theorem (short corollary),Check older Boolean-function/circulant cellular-automaton literature for the exact combined sentence; distinguish maximum degree from nonlinearity.
T3. Operand and phase reversal,"With cyclic CM order (11,10,00,01), K e_j=e_-j gives K Lambda(a) K=Lambda(a^vee)=Lambda(a)^T, and a^vee represents f(y,x).",Circulant transpose/dihedral reflection; Boolean symmetry and NPN lineage [MacWilliams1971; BrickenSymmetry; CM2018].,"Classical circulant involution, explicitly close MacWilliams 1971; Boolean symmetry notes 1997; earliest general reflection identity not established.",A/B algebra plus D interpretation; indexing condition is essential.,Semantic interpretation of the standard reflection in an explicitly declared logical frame.,New synthesis,Background or example,Full Bricken matrix note; older logic-rotation and NPN treatments. Do not conflate transpose with inverse for general lifts.
T4. Complement and socle,"For N=2^n, Lambda_N(1+f)=Lambda_N(f)+(1+R)^(N-1); at N=4 this is translation by u^3.",Norm element/socle of modular p-group algebras; pointwise complement [Benson2023 and its older references].,"Classical modular group-algebra theory; Benson 2023 is a modern explicit treatment, not earliest priority.",C/D: immediate identification of two standard all-ones elements.,A clean semantic statement connecting complement to the terminal filtration element.,New synthesis,Secondary proposition or example,Backward trace through Jennings-era modular group-algebra sources; check prior complement/socle terminology. Do not call the translation multiplication.
T5. Rotational-difference filtration,"In A_N=F2[u]/u^N, u^N=0, rank(u^k)=N-k; every nonzero a=u^nu v with v a unit has rank N-nu. Cyclic valuation is not the full Boolean degree filtration.","Chain rings, augmentation ideals, repeated-root cyclic codes, periodic sequence linear complexity [NortonSalagean2000; GamesChan1983].",Games-Chan 1983 is a close algorithmic antecedent; algebraic filtration is classical and older.,A/B: equivalent or direct consequence.,Rotational-information interpretation and comparison of numeric-index versus Hamming-degree filtrations.,Known,Background,Older finite-difference/cyclic-code references; explicitly credit Berman-Charpin for the different C2^n radical/Reed-Muller filtration.
T6. Boolean rotation interferometer,"W=[[I,0],[I,I]], D_k=diag(I,R^k); W^2=I and W D_k W(v,0)=(v,v+R^k v).",Linear reversible circuits and finite-field/modal interference [SW2012; JOS2011; Gogioso2017].,Modal preprints 2010; James-Ortiz-Sabry 2011 is especially close to Boolean/logic-derived cancellation.,C/D: elementary block identity; interference phenomenon has prior formulations.,A compact rotation-sensitive implementation inside the chosen CM-induced commutant.,New synthesis,Example,Check earlier modal interferometer and reversible XOR circuit realizations; specify operational meaning of phase.
T7. Restricted modal subtheory,"End_C4((F2^4)^m)=M_m(A), Aut_C4=GL_m(A). The nonzero support rule, preparations, tensor and conditioning are additional choices.",Modal quantum theory; logic-derived reversible relational programming; ring/semiring process theories; phase-group subtheories [SW2012; JOS2011; dB2014; Gogioso2017; CES2011].,Stern 1988/1992 for broad logic-physics motivation; SW 2010 and JOS 2011 for direct modal/programming antecedents.,D synthesis; F for claiming full operational theory is forced by geometry.,Maximal rotation-equivariant gate family has a precise representation-theoretic motivation.,New synthesis,"Definition / motivation, not main theorem","Full Bricken/Stern access for narrow origin claims; prove state preparation, conditioning and composition closure before calling it a complete process theory."
T8. Complete contextuality classification,"For finite commutative chain ring S, arbitrary m,n, Smith support count r and least-valuation multiplicity h: r=1 local; r>=2,h=1 logical-not-strong; h>=2 strong; zero empty. Uses all unordered projective GL bases and r_i M t_j^T !=0.",Support hierarchy [AB2011]; modal nonlocality [SWNoncontext2010]; finite-ring projective geometry [SPM2006]; partial-ring contextuality [CMR2022].,"No equivalent complete classification located. Hardy 1993, modal 2010, and sheaf 2011 are antecedents to components, not this exact theorem.",E candidate. The review proves a stronger arbitrary-chain-ring/arbitrary-dimension statement than the supplied length-four theorem.,Smith filtration determines contextuality type; residue-hyperplane criterion and analytic proof replace enumeration.,"High candidate, provisional priority",Main theorem,"Specialist search of finite-local-ring bilinear support models, matroid basis selection, ring-valued modal nonlocality; MathSciNet/zbMATH and full backward/forward citation audit still needed."
T9. Uniform Hardy family,"For p=pi^a, q0=pi^b=pc !=0, use F=[[0,1],[1,0]], X=[[1,0],[1,1]], C=[[1,0],[-c,1]]. Four supports FF=1001, FX=0111, CX=1110, CF=0111 give a nonextendable event over every finite chain ring.",Hardy logical pattern; Goldstein higher-dimensional reduction; modal Hardy arguments [Hardy1993; Goldstein1994; SWNoncontext2010; AH2012].,Hardy 1993 and Goldstein 1994 for the implication/projection strategy; no ring-uniform valuation template located.,E candidate for uniform implementation; underlying Hardy contradiction is exactly known.,"Two settings per party, three templates, all residue characteristics and nonzero Smith pairs.","High candidate as part of T8, not a separate broad Hardy discovery",Main theorem constructive lemma,Search nilpotent/valuation-parametrized nonlocality; consult modal foundations specialists; compare generalized ring Hardy constructions and effect restrictions.
T10. Shared versus literal tensors,"u^3 tensor_A u=0 in A tensor_A A, but u^3 tensor_F2 u!=0. All nonzero ring vectors are not independent-preparation closed; the particular archived restricted bipartite tables are nevertheless isomorphic by Bob transpose involution.",Balanced tensor products; explicit ring-state closure/unimodularity [dB2014]; semiring process semantics [Gogioso2017].,Abstract tensor fact classical; de Beaudrap 2014 explicitly treats relevant operational closure.,A/C: fact and broad warning known; proposed claim of previously unanalyzed composition is not sustained.,"Typed diagnosis of this particular construction, including equal restricted tables despite inequivalent ambient tensor models.",Known,Essential limitations section,Analyze conditioning of nonunimodular branches and quotient-module processes; do not advertise a restricted contextuality-table difference disproved by the audit.
T11. Restricted orbit collapse,"GL2(A) x GL2(A) preserves Smith pair (a,b); full GL8(F2) x GL8(F2) preserves only binary rank 8-a-b.",Smith form and ordinary rank equivalence; restricted-operation resource theory.,Classical normal-form theory; earliest exact resource-language formulation not established.,C: direct consequence of forgetting A-linearity.,Concrete demonstration of what information the restricted coefficient structure retains.,Known,Secondary corollary,Compare resource theories under restricted local operations; characterize which subgroup normalizes the allowed measurement family.
"T12. Same field rank, different restricted contextuality","D_(0,2) and D_(1,1) both expand to binary rank 6 but are respectively logical-not-strong and strong for the fixed complete A-linear measurement family. Under unimodular initial preparation the rank-six strong example is excluded; diag(1,1,u^3) versus diag(1,u,u^2) gives a replacement in dimension three, both binary rank 9.",T8 plus rank normal form; measurement-relative contextuality [AB2011; CES2011].,No exact example located; components are classical or modal antecedents.,"E/D combination, conditional on the fixed model contract and T8; not an unrestricted contextuality invariant.","A transparent example of distinct Smith/contextuality strata collapsing under field-linear equivalence. The higher-dimensional replacement survives unimodular initial preparation, though conditioning closure remains unresolved.",Moderate candidate,Secondary theorem / motivating example,Check subtheory-resource orbit examples; explicitly track changes of allowed measurements under enlarged local transformations.
T13. Orthogonal operator-basis obstruction,"For every n>=2, span_F2{U:U^T U=I}={M:M1=c1 and 1^T M=c1^T}, dimension (n-1)^2+1<n^2. Stronger than the even-n parity hyperplane bound.",Binary bilinear orthogonal group; classical permutation-matrix span [Lueneburg1988]; characteristic-two form distinctions [DomokosFrenkel2004].,Lueneburg 1988 is an explicit stronger span ingredient and calls part of it folklore; first-ever source not established.,C: original is weaker than an elementary consequence of known span theory.,Useful warning that transpose-orthogonality is too restrictive; explicit n=8 span dimension 50.,Not novel as a main theorem,Appendix,Older permutation-span/Birkhoff module literature; exact finite-field error-basis statements. Distinguish bilinear from quadratic orthogonal groups.
T14. Teleportation rank criterion,"For invertible reshaped branch R_m, T_m=M^T R_m^T has rank(M). A universal exact square linear correction exists iff M is full rank. Completeness alone does not ensure branch invertibility.",Elementary rank invariance; generalized teleportation and modal protocols [Werner2001; SW2012].,Werner 2001 (preprint 2000) for architecture; ordinary rank theorem much older.,"C: routine linear algebra, with a necessary branch condition.",Correct typed placement of the supplied literal analyzer and resource boundary.,Not novel,Appendix,Check finite-field complete invertible-matrix effect bases if claimed; distinguish algebraic correction from probability and physical teleportation.
T15. Multi-copy rank activation,"For field matrices rank(M^tensor k)=rank(M)^k; unrestricted rectangular local filters can extract I_d iff r^k>=d. This is conditional algebraic extraction, not deterministic physical distillation.",Rank of Kronecker products; entanglement concentration/SLOCC [BBPS1996].,Classical matrix rank; Bennett et al. 1996 (preprint 1995) for physical concentration lineage.,C: direct normal-form argument.,Clarifies why literal field resources and balanced-ring resources may have different activation behavior.,Not novel,Appendix or omit,Study restricted A-linear filters or nonfree-module resource activation only if seeking a genuinely new theorem.
