class_a,class_b,rank_profile,resource_boolean_rank,state_count,separable_class,classification,satisfiable_global_section,clauses,possible_sections,extendable_possible_sections,uncovered_possible_sections
0,0,8/6/4/2,8,24576,0,STRONG_CONTEXTUAL,0,6144,141312,0,141312
0,1,7/5/3/1,7,18432,0,LOGICAL_CONTEXTUAL_NOT_STRONG,1,8192,139264,65536,73728
0,2,6/4/2/1,6,9216,0,LOGICAL_CONTEXTUAL_NOT_STRONG,1,10240,137216,100352,36864
0,3,5/3/2/1,5,4608,0,LOGICAL_CONTEXTUAL_NOT_STRONG,1,12288,135168,119808,15360
0,4,4/3/2/1,4,4608,1,RELATIONALLY_LOCAL,1,16384,131072,131072,0
1,1,6/4/2/0,6,1536,0,STRONG_CONTEXTUAL,0,12288,135168,0,135168
1,2,5/3/1/0,5,1152,0,LOGICAL_CONTEXTUAL_NOT_STRONG,1,16384,131072,65536,65536
1,3,4/2/1/0,4,576,0,LOGICAL_CONTEXTUAL_NOT_STRONG,1,20480,126976,98304,28672
1,4,3/2/1/0,3,576,1,RELATIONALLY_LOCAL,1,28672,118784,118784,0
2,2,4/2/0/0,4,96,0,STRONG_CONTEXTUAL,0,24576,122880,0,122880
2,3,3/1/0/0,3,72,0,LOGICAL_CONTEXTUAL_NOT_STRONG,1,32768,114688,65536,49152
2,4,2/1/0/0,2,72,1,RELATIONALLY_LOCAL,1,49152,98304,98304,0
3,3,2/0/0/0,2,6,0,STRONG_CONTEXTUAL,0,49152,98304,0,98304
3,4,1/0/0/0,1,9,1,RELATIONALLY_LOCAL,1,81920,65536,65536,0
4,4,0/0/0/0,0,1,1,DEGENERATE_ZERO_EXCLUDED,0,147456,0,0,0
