basis_id,out0_left,out0_right,out1_left,out1_right
0,1,0,0,1
1,1,0,1,1
2,1,0,8,1
3,1,0,9,1
4,1,0,4,1
5,1,0,5,1
6,1,0,12,1
7,1,0,13,1
8,1,0,2,1
9,1,0,3,1
10,1,0,10,1
11,1,0,11,1
12,1,0,6,1
13,1,0,7,1
14,1,0,14,1
15,1,0,15,1
16,0,1,1,1
17,0,1,8,1
18,0,1,4,1
19,0,1,13,1
20,0,1,2,1
21,0,1,11,1
22,0,1,7,1
23,0,1,14,1
24,0,1,1,9
25,0,1,8,9
26,0,1,4,9
27,0,1,13,9
28,0,1,1,5
29,0,1,8,5
30,0,1,1,15
31,1,1,9,1
32,1,1,5,1
33,1,1,12,1
34,1,1,3,1
35,1,1,10,1
36,1,1,6,1
37,1,1,15,1
38,1,1,1,9
39,1,1,8,9
40,1,1,4,9
41,1,1,13,9
42,1,1,1,5
43,1,1,8,5
44,1,1,1,15
45,8,1,9,1
46,8,1,5,1
47,8,1,12,1
48,8,1,3,1
49,8,1,10,1
50,8,1,6,1
51,8,1,15,1
52,8,1,1,9
53,8,1,8,9
54,8,1,4,9
55,8,1,13,9
56,8,1,1,5
57,8,1,8,5
58,8,1,1,15
59,9,1,4,1
60,9,1,13,1
61,9,1,2,1
62,9,1,11,1
63,9,1,7,1
64,9,1,14,1
65,9,1,1,9
66,9,1,8,9
67,9,1,4,9
68,9,1,13,9
69,9,1,1,5
70,9,1,8,5
71,9,1,1,15
72,4,1,5,1
73,4,1,12,1
74,4,1,3,1
75,4,1,10,1
76,4,1,6,1
77,4,1,15,1
78,4,1,1,9
79,4,1,8,9
80,4,1,4,9
81,4,1,13,9
82,4,1,1,5
83,4,1,8,5
84,4,1,1,15
85,5,1,13,1
86,5,1,2,1
87,5,1,11,1
88,5,1,7,1
89,5,1,14,1
90,5,1,1,9
91,5,1,8,9
92,5,1,4,9
93,5,1,13,9
94,5,1,1,5
95,5,1,8,5
96,5,1,1,15
97,12,1,13,1
98,12,1,2,1
99,12,1,11,1
100,12,1,7,1
101,12,1,14,1
102,12,1,1,9
103,12,1,8,9
104,12,1,4,9
105,12,1,13,9
106,12,1,1,5
107,12,1,8,5
108,12,1,1,15
109,13,1,3,1
110,13,1,10,1
111,13,1,6,1
112,13,1,15,1
113,13,1,1,9
114,13,1,8,9
115,13,1,4,9
116,13,1,13,9
117,13,1,1,5
118,13,1,8,5
119,13,1,1,15
120,2,1,3,1
121,2,1,10,1
122,2,1,6,1
123,2,1,15,1
124,2,1,1,9
125,2,1,8,9
126,2,1,4,9
127,2,1,13,9
128,2,1,1,5
129,2,1,8,5
130,2,1,1,15
131,3,1,11,1
132,3,1,7,1
133,3,1,14,1
134,3,1,1,9
135,3,1,8,9
136,3,1,4,9
137,3,1,13,9
138,3,1,1,5
139,3,1,8,5
140,3,1,1,15
141,10,1,11,1
142,10,1,7,1
143,10,1,14,1
144,10,1,1,9
145,10,1,8,9
146,10,1,4,9
147,10,1,13,9
148,10,1,1,5
149,10,1,8,5
150,10,1,1,15
151,11,1,6,1
152,11,1,15,1
153,11,1,1,9
154,11,1,8,9
155,11,1,4,9
156,11,1,13,9
157,11,1,1,5
158,11,1,8,5
159,11,1,1,15
160,6,1,7,1
161,6,1,14,1
162,6,1,1,9
163,6,1,8,9
164,6,1,4,9
165,6,1,13,9
166,6,1,1,5
167,6,1,8,5
168,6,1,1,15
169,7,1,15,1
170,7,1,1,9
171,7,1,8,9
172,7,1,4,9
173,7,1,13,9
174,7,1,1,5
175,7,1,8,5
176,7,1,1,15
177,14,1,15,1
178,14,1,1,9
179,14,1,8,9
180,14,1,4,9
181,14,1,13,9
182,14,1,1,5
183,14,1,8,5
184,14,1,1,15
185,15,1,1,9
186,15,1,8,9
187,15,1,4,9
188,15,1,13,9
189,15,1,1,5
190,15,1,8,5
191,15,1,1,15
