claim_id,contribution,closest_source,source_locator,model_comparison,priority_status,allowed_wording
MOD-003,Residue-hyperplane support criterion,Abramsky--Brandenburger 2011; Honold 2009,"Sections 4,6; projective Hjelmslev geometry",Global-section language and primitive projective geometry imported; no matching bilinear criterion located,"Candidate formulation; bounded search, not priority certification",State and prove criterion; no firstness
MOD-004,Smith trichotomy,Schumacher--Westmoreland 2010; Byrne et al. 2022; Ben-Zvi--Ma--Reyes 2017,Entangled states pp.4--7; section2.1; arXiv Theorem3.10/Corollary3.11,Field singlet antecedent; module invariants standard; idempotent KS uses a different context identification,Candidate chain-ring classification,State full proof; distinguish basis settings from shared-effect KS
MOD-005,Valuation-uniform Hardy witness,Schumacher--Westmoreland 2010,Entangled states pp.5--7,Hardy implication pattern already present; ring coefficients and unequal valuations differ,Explicit specialization within trichotomy,Do not claim new Hardy principle
RES-001,Maximum exact orbit codebook dh,Schumacher--Westmoreland 2010,Superdense coding and teleportation pp.8--9,Four-message two-mobit code established; no matched zero-divisor general formula located,Candidate chain-ring synthesis,Fixed orbit and arbitrary joint K-basis only
RES-002,Strong contextuality iff dh>d,Same as MOD-004 and RES-001,Matched complete-basis contracts,"Derived equivalence, not general resource theory",Corollary of two results,Do not generalize to physical dense coding
RES-003,Universal raw teleportation iff invertible resource with full GL corrections,Schumacher--Westmoreland 2010; Varughese dissertation,Schumacher2010 pp.8--9; Varughese2009 Examples8.3--8.4,"Field transfer known; Varughese uses three categorical outcomes on nine-dimensional pair, not a complete rank-one analyzer. Raw ring necessity and analyzer proof explicit.","Synthesis; analyzer extension elementary, priority open","State raw equality, reference preservation and complete analyzer"
P01-EXT-001,Invertible reshapes form a basis in every dimension over finite local rings,Classical matrix-span argument; residue lifting,Full proof in manuscript,Elementary GL span plus determinant unit test; not independent novelty,Newly proved extension of supplied dimension-specific analyzer,Corollary; no firstness
RES-004,Nilpotent maximal-code nonteleporting separator,Above contextuality and protocol sources; deBeaudrap2014 Definition7,Contracts compared in manuscript,Unit-ideal state space excludes nonprimitive local-ring resources; separator explicitly belongs to all-nonzero static contract.,Candidate example/synthesis,Nonprimitive static resource; not closed process theory
MOD-007,Two binary settings admit a global assignment,Abramsky--Brandenburger 2011; Schumacher--Westmoreland 2012,Proposition6.2; section5.2 and appendix,Bipartite PR exclusion is close; arbitrary-party F2 minimal-support proof distinct,Candidate supporting theorem; wider priority open,Restrict residue field F2 and two outcomes/settings
MOD-001/MOD-010,Tensor base and regular-rank boundaries,Elementary module and matrix algebra,Proofs supplied in manuscript,Standard tensor and field-rank facts,"Boundary examples, no independent novelty",State explicit contracts on both sides
LMB-001--004,Conditional Boolean-to-modal interface,Paper B; ordinary scalar extension,Paper B section8; manuscript appendix,"Choice of A, tensor, effects and nonzero semantics is additional",Supporting interface only,No canonical physical or modal semantics from bare LM
