date,query_terms,scope,interpretation
2026-09-18,contextuality chain rings,Web title/structure search; primary hits inspected or explicitly marked as leads,No exact hit is not evidence of novelty
2026-09-18,modal dense coding rings,Web title/structure search; primary hits inspected or explicitly marked as leads,No exact hit is not evidence of novelty
2026-09-18,Hjelmslev quantum contextuality,Web title/structure search; primary hits inspected or explicitly marked as leads,No exact hit is not evidence of novelty
2026-09-18,modal quantum entangled nonlocal theorem,Web title/structure search; primary hits inspected or explicitly marked as leads,No exact hit is not evidence of novelty
2026-09-18,modal quantum rings contextuality,Web title/structure search; primary hits inspected or explicitly marked as leads,No exact hit is not evidence of novelty
2026-09-18,finite local ring teleportation,Web title/structure search; primary hits inspected or explicitly marked as leads,No exact hit is not evidence of novelty
2026-09-18,Non-contextuality and free will in modal quantum theory arxiv,Web title/structure search; primary hits inspected or explicitly marked as leads,No exact hit is not evidence of novelty
2026-09-18,A Kochen-Specker theorem for integer matrices arxiv,Web title/structure search; primary hits inspected or explicitly marked as leads,No exact hit is not evidence of novelty
2026-09-18,finite ring contextuality,Web title/structure search; primary hits inspected or explicitly marked as leads,No exact hit is not evidence of novelty
2026-09-18,modal quantum dense coding basis,Web title/structure search; primary hits inspected or explicitly marked as leads,No exact hit is not evidence of novelty
2026-09-18,contextuality Smith ring,Web title/structure search; primary hits inspected or explicitly marked as leads,No exact hit is not evidence of novelty
2026-09-18,invertible matrices basis matrix algebra field two elements span,Web title/structure search; primary hits inspected or explicitly marked as leads,No exact hit is not evidence of novelty
2026-09-18,finite chain ring projective Hjelmslev geometry primitive vectors basis,Web title/structure search; primary hits inspected or explicitly marked as leads,No exact hit is not evidence of novelty
2026-09-18,finite ring exact dense coding,Web title/structure search; primary hits inspected or explicitly marked as leads,No exact hit is not evidence of novelty
2026-09-18,modal quantum Smith normal,Web title/structure search; primary hits inspected or explicitly marked as leads,No exact hit is not evidence of novelty
2026-09-18,finite fields teleportation basis invertible,Web title/structure search; primary hits inspected or explicitly marked as leads,No exact hit is not evidence of novelty
2026-09-18,finite local contextuality,Web title/structure search; primary hits inspected or explicitly marked as leads,No exact hit is not evidence of novelty
