"source_id","source","identifier_or_url","inspected_material","full_text_inspected","relevant_result","relationship","limitations","priority_implications"
"SW10","Schumacher; Westmoreland, Modal quantum theory","https://arxiv.org/abs/1010.2929","Primary PDF: state, tensor and measurement definitions; entangled states; protocol sections","selected full-text sections","Field-modal nonzero vectors and dual bases; invertible evolution","equivalent ambient pure framework","Field, not nonzero-divisor ring; no chain-ring preparation repair","Finite-field modal completion is established"
"SW12","Schumacher; Westmoreland, Almost quantum theory","https://arxiv.org/html/1204.0701v1","Sections 3.3-3.5, 4.2-4.4, 5.3; equations 46-47; representation theorem","selected full-text sections","Subspace mixtures, linear-map representations, complete effects and weak probability resolutions","stronger established general field framework","Does not preserve shared A tensor; weak completion need not have identical support","Closed binary semantics is inherited; interface remains a synthesis"
"SWKS","Schumacher; Westmoreland, Non-contextuality and free will in modal quantum theory","https://arxiv.org/html/1010.5452v1","Sections 2-3 and probability obstruction","selected full-text sections","Field-modal contextuality and faithful no-signalling probability obstruction","adjacent/support boundary","Shared effect noncontextuality differs from P01 basis-indexed outcomes","Neither contextuality nor probability obstruction is new"
"JOS","James; Ortiz; Sabry, Quantum Computing over Finite Fields","https://arxiv.org/abs/1101.3764","Primary PDF: finite-field definition, protocols, conclusion and references","selected full-text sections","Reversible field computation and protocol analogues; qualitative characteristic-two limitations","adjacent established framework","Does not repair conditioning with A zero divisors","No novelty for finite-field computation/teleportation"
"DB14","de Beaudrap, On computation with probabilities modulo k","https://arxiv.org/abs/1405.7381","Definitions 4 and 7; Appendix B Lemma 9; nearby transformation definitions","selected full-text sections","Unit-ideal state admissibility and tensor closure","equivalent primitive boundary","Extraction of tensor factors is not arbitrary selective-outcome closure","Primitive repair already has a direct antecedent; correct starting report identifier"
"WRONGID","de Beaudrap; Gharibian, A linear time algorithm for quantum 2-SAT","https://arxiv.org/abs/1508.07338","Primary title/abstract record","no; metadata only","Identifies the unrelated source attached to an erroneous seed citation","not the cited modulo-k paper","No 2-SAT theorem used","Seed report citation correction only; originals unchanged"
"AB11","Abramsky; Brandenburger, The Sheaf-Theoretic Structure of Non-Locality and Contextuality","https://arxiv.org/abs/1102.0264","Sections 4, 6; Proposition 6.2; checked Theorems 5.5/5.9 distinction","selected full-text sections","Global-section support hierarchy; binary two-setting PR characterization","inherited contextuality language","Real signed hidden variables do not equal Boolean support semantics","P01 hierarchy is not a newly invented contextuality definition"
"G17","Gogioso, Fantastic Quantum Theories and Where to Find Them","https://arxiv.org/abs/1703.10576","Theorem 3.2; sections 5,7; bibliography reference 11","selected full-text sections","CP* construction from involutive semirings and positive scalar subsemiring","adjacent alternative construction","With trivial involution on A, nonzero square-zero amplitudes have zero weight","Cannot reuse as original nonzero-A support semantics"
"GZ19","Gogioso; Zeng, Generalised Mermin-type non-locality arguments","https://doi.org/10.23638/LMCS-15(2:3)2019","Primary 51-page PDF: Theorem 5.3 and surrounding hypotheses; introduction links 2015 precursor","selected full-text sections","Contextuality criterion using a finite abelian-group system; converse needs positive semiring","stronger abstract machinery under other assumptions","Observable complementarity, scalar positivity and normalization not proved for A","No automatic Mermin theorem from rotation C4"
"AC04","Abramsky; Coecke, A categorical semantics of quantum protocols","https://arxiv.org/abs/quant-ph/0402130","Definition 3.1; definitions of names/conames; Lemmas 3.4-3.5","selected full-text sections","Compact closed protocol syntax and compositional identities","established categorical antecedent","A morphism need not be a normalized preparation; no automatic Boolean support functor","Categorical syntax itself supplies no novel closure repair"
"CDP10","Chiribella; D'Ariano; Perinotti, Probabilistic theories with purification","https://arxiv.org/abs/0908.1583","Definition 27 and Lemma 4, causality and deterministic effects","selected full-text sections","Causality and unique deterministic effect in operational probabilistic theories","adjacent operational contract","Real probabilities/purification not supplied by the binary model","Use as contract comparison, not a reconstruction claim"
"VAR09","Varughese, Categorical Quantum Computing with Finite Fields","https://www.cs.ox.ac.uk/people/aleks.kissinger/theses/bob/Varughese.pdf","Examples 8.3-8.4, PDF p50","selected full-text sections","Categorical teleportation/dense coding with a three-element displayed Bell family","adjacent, different measurement contract","Not a complete nine-row rank-one field analyzer","No contradiction with P01 analyzer requirement"
"BHKW","Byrne; Horlemann; Khathuria; Weger, Density of Free Modules over Finite Chain Rings","https://arxiv.org/html/2106.09403v2","Section 2.1 module type/shape; Proposition 3; references 32 and 37","selected full-text sections","Cyclic decomposition and conjugate partition shape","equivalent standard algebraic ingredients","Density/counting theorems are not communication capacities","Smith resource labels use classical algebra"
"HON09","Honold, Linear Codes and Geometry over Finite Chain Rings","https://www.geometrie.tuwien.ac.at/zif-cg09/pdf/lecture_honold.pdf","Projective geometry slides, PDF pp49-50; free cyclic submodules","selected full-text slides","Projective points are cyclic submodules with a unit coordinate","equivalent projective vocabulary","No full operational or contextuality classification inferred","Primitive rays and geometry are established"
"HL00","Honold; Landjev, Linear Codes over Finite Chain Rings","https://www.combinatorics.org/ojs/index.php/eljc/article/view/v7i1r11","Publisher/search metadata; cited by BHKW reference 32; PDF retrieval timed out","no","Older finite-chain-ring coding and geometry lineage","adjacent primary lead","Exact theorem text not inspected this run","No earliest-priority certification"
"BMR","Ben-Zvi; Ma; Reyes, A Kochen-Specker theorem for integer matrices and noncommutative spectrum functors","https://arxiv.org/abs/1509.03618","Theorem 3.10; Corollary 3.11; idempotent setup","selected full-text sections","Uncolorable idempotents over integer and general matrix rings, n>=3","stronger in a different context-identification problem","Not P01 state-dependent bilinear support with basis-indexed outcomes","Ring contextuality itself is established"
"CMR","Cortez; Morales; Reyes, Minimal ring extensions of the integers exhibiting Kochen-Specker contextuality","https://escholarship.org/uc/item/0jm0t883","Primary search excerpt and author PDF lead; author PDF failed; repository returned bot check","no","Partial-ring contextuality lineage","adjacent unresolved full-text comparison","No exact theorem relied upon; source date differs across versions","Priority boundary remains open; do not claim source ruled out"
"STACKS","Stacks Project, Tensor products","https://stacks.math.columbia.edu/tag/00CV","Universal property and associativity section","yes, section","Balanced tensor construction","equivalent standard module background","Does not guarantee tensors of nonzero elements are nonzero","Tensor algebra is established"
"MS10","McCurdy; Street, What separable Frobenius monoidal functors preserve","https://arxiv.org/abs/0904.3449","Section 2 definitions and separability condition","selected full-text sections","Bilax Frobenius and separable compatibility definitions","adjacent preservation theorem","A is nonseparable; mu Delta=0","Cannot import separable preservation conclusions"
"BRES","Bresar et al., Skolem-Noether algebras","https://arxiv.org/abs/1706.08976","Corollary 3.4; discussion of local/artinian cases; Isaacs/Kovacs references","selected full-text sections","Matrix algebra automorphisms factor into inner and coefficient automorphisms","broader adjacent algebraic antecedent","Normalizer here proved by center/commutant directly","Semilinear normalizer not a strong novelty candidate"
"ISA80","Isaacs, Automorphisms of matrix algebras over commutative rings","https://doi.org/10.1016/0024-3795(80)90221-9","Publisher metadata; backward citation from Bresar Corollary 3.4; full text 403","no","Earlier matrix-algebra automorphism lineage","adjacent historical lead","No exact theorem applied from inaccessible full text","Earliest attribution remains unresolved"
"DVC00","Dur; Vidal; Cirac, Three qubits can be entangled in two inequivalent ways","https://arxiv.org/abs/quant-ph/0005115","Bipartite Schmidt-number/SLOCC discussion, PDF p3","selected full-text sections","Bipartite stochastic pure conversion ordered by Schmidt number","equivalent field-rank principle after dropping probability interpretation","Complex quantum probabilities do not transfer to modal filters","Unrestricted rank activation is not new"
"APGPS","Aranda Pino; Goodearl; Perera; Siles Molina, Non-simple purely infinite rings","https://arxiv.org/abs/0806.4156","Definitions 2.1 and nearby comparison lemmas","selected full-text sections","Rectangular factorization comparison by X=LYR","equivalent underlying comparison","Later pure-infiniteness assumptions not used","Do not claim a novel filter preorder relation"
"ANTOINE","Antoine; Ara; Bosa; Perera; Vilalta, The Cuntz semigroup of a ring","https://arxiv.org/html/2307.07266v1","Section 2.5 factorization relation; neighboring stabilized construction","selected full-text sections","Modern treatment of matrix factorization comparison","equivalent underlying relation","Block direct sum is not independent field tensor","Confirms established comparison lineage"
"HUNGLI","Hung; Li, Malcolmson semigroups","https://www.math.buffalo.edu/~hfli/malcolmson14.pdf","Definition 3.1; Lemma 3.6; Proposition 3.7","selected full-text sections","Factorization plus triangular-block erasure; rank-based order in local principal-radical case","strictly broader than selected local filtering","Extra comparison generator is not an allowed pure filter","Rank inequalities must not be substituted for Smith component order"
"JL","Jaikin-Zapirain; Lopez-Alvarez, On the space of Sylvester matrix rank functions","https://arxiv.org/abs/2012.15844","Section 2.1 Proposition 2.2; Corollary 2.4","selected full-text sections","Extreme quotient-regular Sylvester ranks of truncated polynomial rings","equivalent normalized filtered-rank functions","Does not identify pure filter reachability with those rank inequalities","No novelty claim for normalized filtration ranks"
"CAO10","Cao, On the Multiplicative Monoid of n x n Matrices Over Artinian Chain Rings","https://doi.org/10.1080/00927870903133946","Prior local review abstract account; primary retrieval attempted and failed this run","no; historical abstract account only","Direct Green-relation and matrix-monoid lead","highly relevant; exact relation unresolved","No theorem number or full-text conclusion imported","Important remaining specialist priority access gap"
"BH05","Blunck; Havlicek, On distant-isomorphisms of projective lines","https://arxiv.org/abs/1304.0226","Introduction; Theorem 5.4 hypotheses and radical-parallelism discussion","selected full-text sections","Projective distant maps; larger permutations possible with nonzero radical","adjacent geometry","Main matrix-ring-over-field hypothesis is not A; abstract graph versus binary-linear stabilizer differs","Exact ambient-linear historical attribution unresolved"
"LOCAL","CM/LM supplied P01, canonical audit, 20 September process package and review","Local paths recorded in data/source_inventory.json","P01 main.tex; audit TeX/PDF and tests; prior theorem ledgers/review; companion introduction","selected full-text local materials","All principal closed-semantics and restricted-conversion results in this run already occur locally","equivalent project prior work","Same-assistant historical work, not independent peer review","This run is verification/reconciliation, not a new fourth-paper discovery"
