RelativePath,SHA256,Bytes
01_THEOREM_BANK/THEOREM_BANK.pdf,610a457a294ee338deadc81412b1e1df716efd2bdb25a2b1a473420f4596896b,411692
01_THEOREM_BANK/THEOREM_BANK.tex,ea481a3b14d840b987a1c3937a943446da7fb2285a8e527342c25aa934a32d5c,42170
02_HISTORICAL_PUBLICATION_MAP/ONE_PAGE_PUBLICATION_MAP.pdf,4f88bbb40e432f3b619ad10e07fa492cda5d34235a4afc10ffba8848041174c2,138634
02_HISTORICAL_PUBLICATION_MAP/ONE_PAGE_PUBLICATION_MAP.tex,02d9fcc00543de80523df88707db43053afe6bdee16c4c7b4cde726377d84b67,4032
03_CONSOLIDATED_FINDINGS/CM_LM_Quantum_Findings_Consolidated_Report_2026-09-22.pdf,170d261fd7cdce5673f49cf80f86e365a2dfbcf75159d1f178bc405719f08923,219753
04_MASTER_TOPIC_INVENTORY/CM_LM_Research_Threads_Master_Topic_Inventory_2026-09-25.md,0559975545fa4fd3a00690c9615cc5cb01eb0fb30c241097f8a63fb42cc35682,71948
05_CURRENT_AUDIT_AND_RECOMMENDATIONS/CM_LM_Publication_Consolidation_and_Research_Opportunities_2026-09-25.md,5e7d454a3c103860c23a060e7f2c5f969ab5f462e94c7a87ccf21e8ddfcd404d,88637
05_CURRENT_AUDIT_AND_RECOMMENDATIONS/CM_LM_Publication_Consolidation_Evidence_2026-09-25.json,64782e90d6c3ec66356491c66f1d4750659b0eec0c4e26473aace589ffe4b282,181886
05_CURRENT_AUDIT_AND_RECOMMENDATIONS/Paper_Preservation_Audit_2026-09-25.md,3941b69ef99e835ea212472ed07351cd356b69e988d5a2737a276d1fe825f24c,165234
05_CURRENT_AUDIT_AND_RECOMMENDATIONS/Paper_Preservation_Audit_Evidence_2026-09-25.json,463fbe1dd1d296867cf7b100e04f53d9ef3df212e9d82e331d2d367b61bb790f,1743870
06_ORGANIZATION_RECEIPT/CM_LM_Publication_Folder_Copies_2026-09-25.json,507d0c79da496d3d573b870ff78ddd72a2738c042cb1f486888f2dbc7c3be7f8,320340
06_ORGANIZATION_RECEIPT/CM_LM_Publication_Folder_Organization_2026-09-25.md,05be963faf1520a3557c043344fa87e4986270ddfd73b3783d10984fdf98c434,4006
07_PORTFOLIO_PROVENANCE_20260921/07_LEGACY_AND_PRECONSOLIDATION_MATERIAL_README.md,0f74f63fec03e3a69186c2dec311617ab64de4d37f65d42ba95f732a5356b2b1,785
07_PORTFOLIO_PROVENANCE_20260921/INVENTORY.csv,73b12daa2b399dfe6cf7bc350d0ad7e5622c642b3277609d2104874726bd259e,143438
07_PORTFOLIO_PROVENANCE_20260921/INVENTORY_SHA256.txt,f4c2dec5e95a166d48d8a4a434feb81dae73efa9b427cfd1e9b6b797ab467e40,56381
07_PORTFOLIO_PROVENANCE_20260921/README.md,96effccf0cb884364a2897175a2eea2594395b449ffd779632f3e2652011e98c,2642
08_PORTFOLIO_PROGRAM_REPORTS_20260921/ADDITIONAL_PUBLICATION_OPPORTUNITIES.md,03a93efe93411a6d10a648ab170433bca1b3e78db6b0732ede4ac0b078d420b0,11762
08_PORTFOLIO_PROGRAM_REPORTS_20260921/CROSS_PAPER_ARCHITECTURE.md,2e08efdee505c44ad680ad93ab45687344fff5f85ed0e5d22e449b05e3583f31,2424
08_PORTFOLIO_PROGRAM_REPORTS_20260921/CROSS_PAPER_CITATION_PLAN.md,8a74c46b94dd67eed3d8f61e27fd8e654e0fc7d19e9679825838fdf001049224,1395
08_PORTFOLIO_PROGRAM_REPORTS_20260921/FINAL_DELIVERY_CHECK.json,05be7e5f82b0e08e575b3009bdb734bd3ecd7f119caab8a46a9700f36bcac341,2205
08_PORTFOLIO_PROGRAM_REPORTS_20260921/FINAL_QA.json,8020a1b016e097ab41e583c24b7dca17cf08d971bd8da44a0671112634ae1cfc,1250
08_PORTFOLIO_PROGRAM_REPORTS_20260921/GATE_7_COHERENCE_REVIEW.md,d29d49a266fe186e644e837c269dc76a5792133cb0f842560633fadcbc83f58b,2465
08_PORTFOLIO_PROGRAM_REPORTS_20260921/GLOBAL_CHANGED_CLAIMS.md,e88e5f5a4fbcc9b18e89c71c218992c6e11995e818350c69082ac111be90e810,5841
08_PORTFOLIO_PROGRAM_REPORTS_20260921/GLOBAL_PRIORITY_LEDGER.csv,e88d701674b71cefad3f02baf6be0bb7d1904315788b80046de6b7dd7891e914,7910
08_PORTFOLIO_PROGRAM_REPORTS_20260921/LOCAL_CLAIM_UPDATES.json,059ed7eba6ebe9456ca960212017ee680f8cb7654be26a60f651493cdbc9656f,4550
08_PORTFOLIO_PROGRAM_REPORTS_20260921/README.md,186d23800de2044c6d763b1cdd279613f82e310685da4ed204a2471fe3c07e64,835
08_PORTFOLIO_PROGRAM_REPORTS_20260921/REPRODUCTION_SUPPLEMENT.zip,c2e273afc531fdb71dd483263c7a20112062d64a9b6a1d9fc0e745315b981780,46360038
08_PORTFOLIO_PROGRAM_REPORTS_20260921/REPRODUCTION_SUPPLEMENT_MANIFEST.json,060086ed70ea1af0c66d61017528464f182750dbe5e4b4d3447118401734c9d0,369
08_PORTFOLIO_PROGRAM_REPORTS_20260921/RESEARCH_GAPS_AFTER_DEEP_DIVE.md,929f416db327f2f375f4454ba4f5715bf103c85ca55ea886ff26042afbacbab2,3460
08_PORTFOLIO_PROGRAM_REPORTS_20260921/RESEARCH_TO_PUBLICATION_INITIALIZATION_REPORT.md,152851297cc7b696d41c3f070b30e1e40ebd179d3431182be85d7098ec65bc42,9083
08_PORTFOLIO_PROGRAM_REPORTS_20260921/STATUS.md,b8edf434b32e3999b134c7ead36f5816bce1613e34853ef877a7fd27a9b4522b,2300
09_DELETION_AND_OVERLAP_AUDIT_20260925/CM_LM_Cross_Folder_Exact_Overlap_Evidence_2026-09-25.json,22769cb997c97048bc28af46d7a9e9d1e9a43b0923f1e6d5bfc24eba94e8b7d7,43372
09_DELETION_AND_OVERLAP_AUDIT_20260925/CM_LM_Cross_Folder_Semantic_Overlap_Evidence_2026-09-25.json,b5984983c9494a8678b2e889a88044fd1a5d7dffcaa46ff67f6f4a5a4185ad4c,15381
09_DELETION_AND_OVERLAP_AUDIT_20260925/CM_LM_Portfolio_Deletion_and_Cross_Folder_Overlap_Audit_2026-09-25.md,1cae6a95c1c281d0577bb37eb02b69e55b016afbfb5d56fa187acc6eb4febee4,11798
09_DELETION_AND_OVERLAP_AUDIT_20260925/CM_LM_Portfolio_Exact_Coverage_Evidence_2026-09-25.json,e0a37a5fda15c88816722840c52755454be55e30c04af6c478592e97d2e794cf,182080
10_UNIQUE_PROJECT_PARTITION_20260925/archive_crc_checks.json,2c234fab4c4fde3568cfa6c504a38855c41c94ec23871b1f6fab1256b663f31e,2233
10_UNIQUE_PROJECT_PARTITION_20260925/archive_extractions.json,be36263ac7dfb5d323937308ed2b33c6623f752689d368512289f736428af48d,38238
10_UNIQUE_PROJECT_PARTITION_20260925/claim_ownership_ledger.json,dace2ee4022712677a9ec29b46aa7fddb2600d3fa77715cd88ba9ad3c8f41a25,50556
10_UNIQUE_PROJECT_PARTITION_20260925/complete_archive_member_inventory.json,4ad9000bbdc9272d5f3ff91e5f1c76c76f23854b200f9e83df828a1ab55928ec,10055172
10_UNIQUE_PROJECT_PARTITION_20260925/complete_file_inventory_before.json,57c4da6c34593ead6a772b1d69ddf67cde8c5e9782614f8e5622575c41ed5ddb,3342196
10_UNIQUE_PROJECT_PARTITION_20260925/complete_preservation_map.json,17d233b28d3180717a70a256869b17c9b4f698749397b5d3e6f68c7865e392c8,500684
10_UNIQUE_PROJECT_PARTITION_20260925/content_inventory_after.json,80e538e319d77c7abe1a888479092953eee6a95a900d61f2a1ab34b858241e2c,237833
10_UNIQUE_PROJECT_PARTITION_20260925/exact_groups_after.json,91f6eebb58d79ebcefb295134661c3a010eef0f247c5de03cb342453a5ba949c,82235
10_UNIQUE_PROJECT_PARTITION_20260925/exact_groups_before.json,c97e4b4b7a7b3420ff67b71000b69cd5c4832f810606d450f802de069969050c,357939
10_UNIQUE_PROJECT_PARTITION_20260925/extraction_errors.json,37517e5f3dc66819f61f5a7bb8ace1921282415f10551d2defa5c3eb0985b570,3
10_UNIQUE_PROJECT_PARTITION_20260925/folder_overlap_stats.json,956799c762883dbe61502eeae31e2cd54e3ae54caebce01e3b7a1fdd377bfb56,8248
10_UNIQUE_PROJECT_PARTITION_20260925/manifest_checks_before.json,322047d0504f54b4e8856b4803b615a9db750da85ff54ff7af81842011fb4718,2308
10_UNIQUE_PROJECT_PARTITION_20260925/METHODOLOGY.md,53cb6a6d24ef3ce697717577c59f1b8c7c4060b9f9bc0c2488edf83d770f8fe3,2260
10_UNIQUE_PROJECT_PARTITION_20260925/mutation_receipt.json,36dc375210bd273d031630875be75cb60c3ea6123801ca5cc90032ae65b7805e,343513
10_UNIQUE_PROJECT_PARTITION_20260925/original_folder_dispositions.json,714040938eb353243cf30028f327cc24437e5370e36b607ecba004350976f5df,9957
10_UNIQUE_PROJECT_PARTITION_20260925/pairwise_original.json,154688a619808c0620821bacc8fbd8ad1e249c16ed6e643bc81b14163d0b9f94,385406
10_UNIQUE_PROJECT_PARTITION_20260925/pairwise_surviving.json,830d1998d80ad749e4e273f6999c3b731d7ca6f1bfebf610dbfd0edcde4db01e,184228
10_UNIQUE_PROJECT_PARTITION_20260925/partition_plan.json,d2811005e3ec96ff8e429c1645961be8fc1273e161ad779aa7918f79ff6a3d11,597124
10_UNIQUE_PROJECT_PARTITION_20260925/portfolio_coverage_before.json,2262740ad4dba292898d4fbe72892bc97ff1cf990b64a014de2255b74ae808ea,208343
10_UNIQUE_PROJECT_PARTITION_20260925/projects.json,ed875d58fa6a1b74b1ac95c649a753461cfa3dc7d40ef418cacb8a19c1701487,31132
10_UNIQUE_PROJECT_PARTITION_20260925/semantic_screen_after.json,ffc641dac12e338f95723733c3416e7b6705eda712bc4090d17dddff0d05f85d,4204
10_UNIQUE_PROJECT_PARTITION_20260925/semantic_screen_before.json,2be0a8083bcc51824e36fb8017d36ca70382b50bd551fce7247f2fc8cd67fb31,9267
10_UNIQUE_PROJECT_PARTITION_20260925/source_dependency_check.json,362b04a423981b15f44fd0027bd81b7007c11326c59461698f669d7d3103a685,19956
10_UNIQUE_PROJECT_PARTITION_20260925/TOOLS/apply_partition.py,493788ede00191450ea80add2b43543470ec78380f2113d3e4a7f66479168722,2488
10_UNIQUE_PROJECT_PARTITION_20260925/TOOLS/build_deliverables.py,14c8570ca23486b7b698c69245bae485dd8f0245f620a280e2aa6a75210d3ccf,51524
10_UNIQUE_PROJECT_PARTITION_20260925/TOOLS/checks.py,ead9215dd7c1b9db739127f58e6b24e4a0f656dd619ee3823ad0642fffde8fe9,2445
10_UNIQUE_PROJECT_PARTITION_20260925/TOOLS/finalize_partition.py,dd04ccee199cc4ce04e64571ed259ea289afc708f43839d90c597a7cec39f948,11050
10_UNIQUE_PROJECT_PARTITION_20260925/TOOLS/inventory.py,2603e98fbb08e3778b9b45a85aa0b0c86134651b0a40e7ffcd908866a1d0beb2,3233
10_UNIQUE_PROJECT_PARTITION_20260925/TOOLS/make_plan.py,6feab413fe2c22f5d6fe1310dca2f400be3210d47bda9d25e586aa6e8d3a1756,4454
10_UNIQUE_PROJECT_PARTITION_20260925/TOOLS/overlap.py,e0fbd6e7a9268d1aa6f720d035760af9f83ce123c448a3d61d677341a55dc408,17928
10_UNIQUE_PROJECT_PARTITION_20260925/TOOLS/partition_data.py,0f14da1fad95758400146c10732af69b4173d9ca85d8fece943bb87eabefc583,27915
10_UNIQUE_PROJECT_PARTITION_20260925/TOOLS/README.md,4d3c09d55a9d73ad152016e99863eabea150f9aeae38b2fc7fd13f829553289f,995
10_UNIQUE_PROJECT_PARTITION_20260925/TOOLS/verify_partition.py,e79994b72fa653e9bd875d2f5a059797f6a13f7be6bb727eaed28f31c423bb15,2311
10_UNIQUE_PROJECT_PARTITION_20260925/verification_runs.json,e4809877805bfee78917c79a4abb2b9b9c876a5f96d66d9881edc554eab75ba0,3472
10_UNIQUE_PROJECT_PARTITION_20260925/version_family_and_renamed_manuscript_map.json,f5da3a7c8aff3babe2a7828556cdb1fc03daf5f9253a0f95f8f7bd4e6d22f95b,56076
11_SHARED_PHASE_HANDOFF_20260917/00_PUBLICATION_CONTEXT_2026-09-25.md,00fbe7d9d0a8dddaabb368d65bb686faec9495e2190e3dc692bbf74588344a07,762
11_SHARED_PHASE_HANDOFF_20260917/CM_Quantum_Handoff_2026-09-17/CURRENT_STATE.md,2b1c9d575f5fb0841539feee34f6620cab4a7900f53a3c44e5fb04e622d948a5,9321
11_SHARED_PHASE_HANDOFF_20260917/CM_Quantum_Handoff_2026-09-17/FILE_MANIFEST.txt,51546b10c52c38fbf11b091167403cb371c1b8b03ebdafa143b5f908bbdeb491,4763
11_SHARED_PHASE_HANDOFF_20260917/CM_Quantum_Handoff_2026-09-17/prompts/PROMPT_COMPUTATION_AND_BENCHMARKING.md,2e2a44c3e85ce64ac03b8708f2f99f36583c4c8da6c1af6a6a5f441fa1d98936,7128
11_SHARED_PHASE_HANDOFF_20260917/CM_Quantum_Handoff_2026-09-17/prompts/PROMPT_PURE_BOOLEAN_MODAL_QUANTUM_INVESTIGATIONS.md,5e4e30e52e17d2bd2e32ba83648c24d5035787c220a5577f15ba10d8ae092a34,9275
11_SHARED_PHASE_HANDOFF_20260917/CM_Quantum_Handoff_2026-09-17/README.md,4716f6ce947ef4f4071117511747410abd792305de7d73ad13562c85e495b403,1806
11_SHARED_PHASE_HANDOFF_20260917/CM_Quantum_Handoff_2026-09-17/SHA256SUMS.txt,6e4da8f320f1b6a3aef3d3e98cfc50f5e617590bce16456f922e4a34447938b8,10543
11_SHARED_PHASE_HANDOFF_20260917/CM_Quantum_Handoff_2026-09-17/TEST_RUN_GUIDE.md,fc3d4e26578405e18cb3ead044b95ad2edab8f37c0274f9d7ec444f6089591a5,2988
11_SHARED_PHASE_HANDOFF_20260917/CM_Quantum_Handoff_2026-09-17/test_runs/all/All_16_CMs_in_the_intrinsic_phase_algebra.csv,3db4ca65a591b87b3f6b1055c62979d2317dcebd160074f0924c5d906abf4638,1082
11_SHARED_PHASE_HANDOFF_20260917/CM_Quantum_Handoff_2026-09-17/test_runs/all/All_Boolean_square_roots_of_the_180-degree_phase.csv,588985844b144a94916c628c880ab1f2c1eb1fa5245bd0d08fec6ad75534bf59,251
11_SHARED_PHASE_HANDOFF_20260917/CM_Quantum_Handoff_2026-09-17/test_runs/all/All_phase-response_patterns_allowed_by_strict_shell_preservation.csv,0609ec3f1d2d2244849e6d48e6843128f9058eaa19787be3c5c6c559acdb6e66,558
11_SHARED_PHASE_HANDOFF_20260917/CM_Quantum_Handoff_2026-09-17/test_runs/all/All_unital_XOR-linear_star_automorphisms.csv,4811b22e7aa2bba250fc8a57bf04b7f6309ead3f8a9a9731c1dad156dd9488b2,185
11_SHARED_PHASE_HANDOFF_20260917/CM_Quantum_Handoff_2026-09-17/test_runs/all/Bell-state_exact_correlations.csv,576d35de8badea85ac65c6ded79f7b8d832de65f600e92d43bbea3d9365a504f,174
11_SHARED_PHASE_HANDOFF_20260917/CM_Quantum_Handoff_2026-09-17/test_runs/all/Boolean_Bell-basis_local_encoding_and_decoding.csv,ac31182e1144ea4296e7aa12dc62511116be4b7437e11f52ec8771a597882132,168
11_SHARED_PHASE_HANDOFF_20260917/CM_Quantum_Handoff_2026-09-17/test_runs/all/Boolean_H-S-H_experiment.csv,76a0868e2e8425c110abb1f289ee543dea073ad52905eb87dd2d00ba0b2b5806,335
11_SHARED_PHASE_HANDOFF_20260917/CM_Quantum_Handoff_2026-09-17/test_runs/all/C4_isometry_classification.csv,7f2dc265059bb5c317db338a98e5ad5d5181770dc87e29510175f42a4675cb71,195
11_SHARED_PHASE_HANDOFF_20260917/CM_Quantum_Handoff_2026-09-17/test_runs/all/C8___T-gate_extension_tests.csv,7e856267edc97a3eee5774f7d9f1921c397aef1bd34df447f5409d637608c817,174
11_SHARED_PHASE_HANDOFF_20260917/CM_Quantum_Handoff_2026-09-17/test_runs/all/C8_implementation_of_optimal_CHSH_measurement_rotations.csv,b77777afc0b33f38a1027900daed34de02f31c45be5b552eb33b35ce895ada4d,819
11_SHARED_PHASE_HANDOFF_20260917/CM_Quantum_Handoff_2026-09-17/test_runs/all/Canonical_algorithm_summary.csv,a164c7e90137717c839941a4efe7331f2ac7f6fd0441bf45ec4a9da3af355b35,221
11_SHARED_PHASE_HANDOFF_20260917/CM_Quantum_Handoff_2026-09-17/test_runs/all/Clifford_closure_tests.csv,3cd3700b4a5eafa3911ecb92e4a18ca724d2f682c5d7262d9be64d220f726840,286
11_SHARED_PHASE_HANDOFF_20260917/CM_Quantum_Handoff_2026-09-17/test_runs/all/CM-native_Deutsch-Jozsa_n_2_linear_detectors.csv,2d64d55247fb6f10d665873b4a371debf1d3767b5ab5f3ccf185494994dc8c0d,2021
11_SHARED_PHASE_HANDOFF_20260917/CM_Quantum_Handoff_2026-09-17/test_runs/all/CM-native_splitter___phase___recombiner_experiment.csv,631f0de5b59a1acab23a04ca15077e689c3f96721657d52d1b377abcd05ea7f8,373
11_SHARED_PHASE_HANDOFF_20260917/CM_Quantum_Handoff_2026-09-17/test_runs/all/CM_affine_hidden-string___Bernstein-Vazirani-like_verification.csv,2ccf40fbbb44b74480d483a3be98b48cc59e7b11c019ac8ff5247cca5be35646,121
11_SHARED_PHASE_HANDOFF_20260917/CM_Quantum_Handoff_2026-09-17/test_runs/all/CM_constant-vs-nonconstant_exhaustive_verification.csv,c42ff03c3a3ae25346cba1da21805eaeafcf18ff84db76b29d763d3cae0c04fe,187
11_SHARED_PHASE_HANDOFF_20260917/CM_Quantum_Handoff_2026-09-17/test_runs/all/CM_kickback_for_Boolean_oracle_values.csv,9c6930efef9647b460d16c935dc4f4020b2bc71d7230952b6dbaff2e4de37684,138
11_SHARED_PHASE_HANDOFF_20260917/CM_Quantum_Handoff_2026-09-17/test_runs/all/CM_one-mark_pattern-decoding_search_verification.csv,bb29735ca4cd1867cea2d50f35955dbc1c3ae561734626314ba1125d7a88c021,157
11_SHARED_PHASE_HANDOFF_20260917/CM_Quantum_Handoff_2026-09-17/test_runs/all/CM_phase_transform___ANF_transform_verification.csv,d887aef42d4c5419657872d33161745eda00e00fed8a62285b86e938bd085387,112
11_SHARED_PHASE_HANDOFF_20260917/CM_Quantum_Handoff_2026-09-17/test_runs/all/CM_rotation_orbits.csv,e151b63e19466f1f48ef33ffeaa067648d30c5aecccb11ef05d1c29451ea3be2,332
11_SHARED_PHASE_HANDOFF_20260917/CM_Quantum_Handoff_2026-09-17/test_runs/all/CM_transform_distinguishes_constants_from_every_n_2_nonconstant_function.csv,ae4fc307629ee3802dfffef1be29c72b0f1f2f1c489e2a56a0e30cbe77d0cb4f,1080
11_SHARED_PHASE_HANDOFF_20260917/CM_Quantum_Handoff_2026-09-17/test_runs/all/Corrected_CHSH_phase-layer_result.csv,face698c4a194db9a33bc76342c873b32ce584837f57cce080c95f85aa4b892a,309
11_SHARED_PHASE_HANDOFF_20260917/CM_Quantum_Handoff_2026-09-17/test_runs/all/Deutsch-Jozsa_exact_test_for_all_n_2_promised_functions.csv,cc87a0fcb7a26a0ac9c0797adcfd48fc5e28c378b159c73f1421c564a7268e8b,314
11_SHARED_PHASE_HANDOFF_20260917/CM_Quantum_Handoff_2026-09-17/test_runs/all/Distinct_principal_ideals__the_full_ideal_chain_.csv,ea93457e03a9df93afb1db3c35b9085aad91cbedf85911a0bb14920b65ee866e,246
11_SHARED_PHASE_HANDOFF_20260917/CM_Quantum_Handoff_2026-09-17/test_runs/all/Exact_CHSH___C16_phase_extension.csv,fff10b90d3119d20992fd4d5fd4bd05ecaec8e62f6b68081fec9187eeb576c72,288
11_SHARED_PHASE_HANDOFF_20260917/CM_Quantum_Handoff_2026-09-17/test_runs/all/Exact_CM_phase_kickback_identity.csv,cf79b9e0358cc80ee4f38c97f2d223dbf37b3c3b2715169d86ce9ce9aa4a1020,126
11_SHARED_PHASE_HANDOFF_20260917/CM_Quantum_Handoff_2026-09-17/test_runs/all/Exact_lifted-CM_H-S-H_interference.csv,eeffafae0dc10e30428bd84d0d3397bdfa4c581b18b34c04aa041ae697cd39a3,508
11_SHARED_PHASE_HANDOFF_20260917/CM_Quantum_Handoff_2026-09-17/test_runs/all/Example_of_phase-sensitive_but_norm-preserving_interference.csv,ab74b6bb2561f65dc952fd294afff7e7d85091c59c2841f89e65554dabdc9364,406
11_SHARED_PHASE_HANDOFF_20260917/CM_Quantum_Handoff_2026-09-17/test_runs/all/Exhaustive_Hadamard-analogue_search.csv,1c450aa0298e53442422841ff7ac61696668e50bb354cd2ce206580e06333bfa,310
11_SHARED_PHASE_HANDOFF_20260917/CM_Quantum_Handoff_2026-09-17/test_runs/all/Exhaustive_normalized-Hamming_operator_search.csv,4f1df44b5bcc9237cad5274d37a910f3bb0bf54ad1fc37d5ff17d03bcac3896e,307
11_SHARED_PHASE_HANDOFF_20260917/CM_Quantum_Handoff_2026-09-17/test_runs/all/Four_Bell-like_CM_states.csv,c8339eccbb2bfb7fcf57af43ad96239934697104fa6e2c8113452a8f78e692b3,278
11_SHARED_PHASE_HANDOFF_20260917/CM_Quantum_Handoff_2026-09-17/test_runs/all/Fresh_CM-to-ANF_propagation_verification.csv,81f59bdac68ae3eec23858cd9759db3d28c3ca619fa13bffc8e09d7da6996817,212
11_SHARED_PHASE_HANDOFF_20260917/CM_Quantum_Handoff_2026-09-17/test_runs/all/Gaussian-quotient_inner-product_investigation.csv,4b508bf7040f4debcebf4386f3cb8c0be7a26eaaca07c0c66e18d8ac59cc2187,378
11_SHARED_PHASE_HANDOFF_20260917/CM_Quantum_Handoff_2026-09-17/test_runs/all/Grover_n_2_exact_one-iteration_test.csv,116334569c324a722f3f9e98210ba12c2b8353221edd040a7c617f25f7b12664,89
11_SHARED_PHASE_HANDOFF_20260917/CM_Quantum_Handoff_2026-09-17/test_runs/all/Grover_n_3_exact_one-iteration_test.csv,87326b19cb82efbaaee5248df1365600a3d160cc923f99c49b0fbf9a8c4c02bf,149
11_SHARED_PHASE_HANDOFF_20260917/CM_Quantum_Handoff_2026-09-17/test_runs/all/Illustrative_operator-folding_benchmark.csv,a0796de79ced8f5adffdbc0afe2416a50c7ae78ebb4e42df8fcb964a544cb9d7,208
11_SHARED_PHASE_HANDOFF_20260917/CM_Quantum_Handoff_2026-09-17/test_runs/all/Interference_table__I_0_A_B____A_XOR_R_0_B_.csv,7e07d94dea851225ea50fb6d2980d89341ea017c317f0d38054b6602bc76f8d8,1056
11_SHARED_PHASE_HANDOFF_20260917/CM_Quantum_Handoff_2026-09-17/test_runs/all/Interference_table__I_180_A_B____A_XOR_R_2_B_.csv,ad26a1b9dca91bdfd021f41cea243d2a43a8de8f951f1f8fc325cddd6063ee4f,1058
11_SHARED_PHASE_HANDOFF_20260917/CM_Quantum_Handoff_2026-09-17/test_runs/all/Interference_table__I_270_A_B____A_XOR_R_3_B_.csv,61afd3d1c00a60dc3c6363ec634a9cb59055a42773aaa0d7b3727e588a266a63,1058
11_SHARED_PHASE_HANDOFF_20260917/CM_Quantum_Handoff_2026-09-17/test_runs/all/Interference_table__I_90_A_B____A_XOR_R_1_B_.csv,354765f9d7944a3143d1697d1a043d2932659e1cb456ce739b72ab2fc02723d4,1057
11_SHARED_PHASE_HANDOFF_20260917/CM_Quantum_Handoff_2026-09-17/test_runs/all/Intrinsic_2x2_star-unitary_search.csv,012571ec1e0d8483fe8b863a0e47f44f37a6c8042d8f792d2219e305df2a6f22,265
11_SHARED_PHASE_HANDOFF_20260917/CM_Quantum_Handoff_2026-09-17/test_runs/all/Intrinsic_Boolean_CM_Phase_Verification.json,e3f1f1d531681b017dae43f0f2dd445aaebaf5d020c262ed1ebaf4605279c114,2386
11_SHARED_PHASE_HANDOFF_20260917/CM_Quantum_Handoff_2026-09-17/test_runs/all/Intrinsic_phase_algebra_summary.csv,955cf9b8277d3f91a81bfee30d720776c23e2219ef8080ce9c55467997237c9c,234
11_SHARED_PHASE_HANDOFF_20260917/CM_Quantum_Handoff_2026-09-17/test_runs/all/Lifted-CM_norm-preservation_checks.csv,280c5229d2a6d0344dd6ca3e9298fb9ecb157d0be3fa19c0f86647ce5a9646b4,155
11_SHARED_PHASE_HANDOFF_20260917/CM_Quantum_Handoff_2026-09-17/test_runs/all/Lifted-CM_two-state_phase_recombination_test.csv,1bc9d7d8f20eb127f1875102ce58f8307783e3df6999709edd99a7598fad232d,571
11_SHARED_PHASE_HANDOFF_20260917/CM_Quantum_Handoff_2026-09-17/test_runs/all/Local_CM_gates_generate_Bell-like_orbit.csv,875432802a7e231a234b60f47c15773a2c52f9c2abf9d7100592b1556e473ce2,277
11_SHARED_PHASE_HANDOFF_20260917/CM_Quantum_Handoff_2026-09-17/test_runs/all/Local_reversible_CM_mixers_preserving_Bell_correlation.csv,3bee336b6fed64555d786ad4483191af370981d1d3ffabb39c28e809b94efc65,1177
11_SHARED_PHASE_HANDOFF_20260917/CM_Quantum_Handoff_2026-09-17/test_runs/all/Minimal_multichannel_n_3_CM_Deutsch-Jozsa_detector.csv,c2f6282a8f486fe9e38081cacb982e1f336fa8a73ea7772a2b58cab8ab94831b,236
11_SHARED_PHASE_HANDOFF_20260917/CM_Quantum_Handoff_2026-09-17/test_runs/all/Nilpotent_chain_generated_by_u____AND__XOR__UP_____L_.csv,cf61e24a3f592ac77049694cb45e6c0bc5e46a7548e964fee10a14a711ff3899,156
11_SHARED_PHASE_HANDOFF_20260917/CM_Quantum_Handoff_2026-09-17/test_runs/all/One_simple_CM_Deutsch-Jozsa_detector.csv,675313e826ee099f541166de1efd4a00a6d686e593210c9579370dead7794e51,267
11_SHARED_PHASE_HANDOFF_20260917/CM_Quantum_Handoff_2026-09-17/test_runs/all/Original_CM_transformations_versus_the_new_star_product.csv,74624d39e1b217cace516717410f123e74804d58fc0a0bf520d267b6403a6593,423
11_SHARED_PHASE_HANDOFF_20260917/CM_Quantum_Handoff_2026-09-17/test_runs/all/Paper-quotient_masks_that_are_star-homomorphisms.csv,6abd39546a4c55914e0f6d2a654c9c455d9c173081fa5d8f6f87a9a6a478ab82,70
11_SHARED_PHASE_HANDOFF_20260917/CM_Quantum_Handoff_2026-09-17/test_runs/all/Phase-sensitive_inner-product_search.csv,5f02113a09a3a7abd1ae8fa4f54eec603188b2682813f3a51b088ecd9780e24b,425
11_SHARED_PHASE_HANDOFF_20260917/CM_Quantum_Handoff_2026-09-17/test_runs/all/Phase_kickback_in_the_lifted_CM_calculus.csv,0d10a16d236acdf655a58f497cd7ba9cda2091ebe25e582202a0f43a4aa33f8f,151
11_SHARED_PHASE_HANDOFF_20260917/CM_Quantum_Handoff_2026-09-17/test_runs/all/Pure-Boolean_CM_Bell-state_experiment.csv,0574a846fd8a943b2536e6cab118b3fa90f95ce1b5c0acf045af8d9186beebd1,218
11_SHARED_PHASE_HANDOFF_20260917/CM_Quantum_Handoff_2026-09-17/test_runs/all/Pure-Boolean_intrinsic-unitary_Bell_transform.csv,c834b60c14a3905a484b196d1524638692554ad067dd6a250f103d78b4a46042,263
11_SHARED_PHASE_HANDOFF_20260917/CM_Quantum_Handoff_2026-09-17/test_runs/all/R_autocorrelation_generates_the_four-point_fringe.csv,c7d9e9711ae923dbd055211130d3a42e020a4f0f7c947d567da27935d3cd6881,102
11_SHARED_PHASE_HANDOFF_20260917/CM_Quantum_Handoff_2026-09-17/test_runs/all/Representative_phase-interference_profiles.csv,dc0bc644044de92589885b15123ed5f4c28c921ca85511e56fa4aa2331503ce0,164
11_SHARED_PHASE_HANDOFF_20260917/CM_Quantum_Handoff_2026-09-17/test_runs/all/Reversible_CM-mixer_search.csv,102b291bdddfed01afb3e2938560832daff7278c0ecfba4437eca6bfb102149e,264
11_SHARED_PHASE_HANDOFF_20260917/CM_Quantum_Handoff_2026-09-17/test_runs/all/Sample_Gaussian-quotient_isometries.csv,a528460f08f9d72e99e949440c1c2fe8bbb860f284e5eea726554a68387fd91d,1061
11_SHARED_PHASE_HANDOFF_20260917/CM_Quantum_Handoff_2026-09-17/test_runs/all/Sample_non-monomial_intrinsic_star-unitaries.csv,4a3521e10d1f115a68232873f300f93a95935fd7b113a2641b0601527733e078,424
11_SHARED_PHASE_HANDOFF_20260917/CM_Quantum_Handoff_2026-09-17/test_runs/all/Simple_one-query_CM_search_splitters.csv,8310149d27224a058edb2943f426c459f6b5772091c9970bc43041087240cdf6,1391
11_SHARED_PHASE_HANDOFF_20260917/CM_Quantum_Handoff_2026-09-17/test_runs/all/star-conjugate_norm_values.csv,402a71434a542015fc91258cd166914c2c8ace4a0eb2dbc535c5df7bcacaaa05,165
11_SHARED_PHASE_HANDOFF_20260917/CM_Quantum_Handoff_2026-09-17/test_runs/all/Structure_of_the_measure-preserving_operators.csv,ea931851e64d69ff28fd8969056a9abf6bc92fb5be7532393af48cf3453a32f3,258
11_SHARED_PHASE_HANDOFF_20260917/CM_Quantum_Handoff_2026-09-17/test_runs/all/Tensor-phase_checks.csv,6bdee43af1262181a7775dc34dd8b0cd2b6aa562863c8d38bf5c06bf8c957e42,283
11_SHARED_PHASE_HANDOFF_20260917/CM_Quantum_Handoff_2026-09-17/test_runs/all/True_star-division_behavior_versus_nonunit_divisors.csv,906f5712e6df1b3ce60c362f3f6c22e257be19a4f5407c0d985d575176c9e2c1,451
11_SHARED_PHASE_HANDOFF_20260917/CM_Quantum_Handoff_2026-09-17/test_runs/all/Two-bit_CM_Grover-like_search.csv,a694abd0b961b878d2d33a9803da64f8e57f7fc31367a59c40e8ddf7f0bb9b64,248
11_SHARED_PHASE_HANDOFF_20260917/CM_Quantum_Handoff_2026-09-17/test_runs/all/Two-bit_one-query_CM_search_with_B_L.csv,8b6eaae8c0e25caf63b8bb21cd04edfa32212578cfe2db8d4a9e240f47c2322c,431
11_SHARED_PHASE_HANDOFF_20260917/CM_Quantum_Handoff_2026-09-17/test_runs/all/Two-bit_one-query_CM_search_with_C.csv,804e57870e47884412f59d56633c946f2629cd622e15f6c0ca542dc29766e95d,459
11_SHARED_PHASE_HANDOFF_20260917/CM_Quantum_Handoff_2026-09-17/test_runs/all/Two-state_entangle-phase-recombine_experiment.csv,fd5484cbb814c6c9ccfb325b1ebc021b7ddfd8aded38fc218eb42ca797ff6e88,376
11_SHARED_PHASE_HANDOFF_20260917/CM_Quantum_Handoff_2026-09-17/test_runs/all/Why_maximal_CHSH_needs_the_C16_lift.csv,d2d6fa04c93961f28c84e4aa57afda223c3e8b7d70566828e6d4788523e73426,238
11_SHARED_PHASE_HANDOFF_20260917/CM_Quantum_Handoff_2026-09-17.zip,cf039d59e7465b12a5a0a3b63076d7fef586a296c5345c4bc24581cfa51e4803,1995443
11_SHARED_PHASE_HANDOFF_20260917/README_FIRST.md,a1f85d94fcf9cd9e5b4998613d8db0a151734c6ff14ae985ee782f2d47a52386,1044
11_SHARED_PHASE_HANDOFF_20260917/SOURCE_MANIFEST_SHA256.csv,4fae3db08437b6badf31ab8c9a34dea61636ffea791a06bc89c016014be14f6b,16758
CLAIMS_AND_UNIQUENESS.md,07000012c0e15aa945a89b5676d07beedb21df0805deb91b68ad20302cf58669,2022
CM_LM_UNIQUE_PROJECT_PARTITION_AND_OVERLAP_REPORT.md,33625d6bcaaeecda15489ca8240d0f06cb695df3f8fe159a416a95707cf1cc0e,349338
HISTORY/PARTITION_BASELINE_20260925/README_FIRST.md,a65e05efe0c5220ac1d743dcfbbc4c6e7f3259cf485a08b30ac446bc4d1f3006,626
HISTORY/PARTITION_BASELINE_20260925/SOURCE_MANIFEST_SHA256.csv,c10a3854add8acd96a7937cf8f42b1a34c7b141d4f4431531c4f982bb7e1c368,6383
HISTORY/README.md,7f22a7c45dab4564b649f35dcbf964086a15acb845b8a441916f996832106e69,827
PROJECT_REGISTER.md,fc7af5d56001cadadf709cac1073748934c78c0d172ce155e6052cfd3e024a49,4438
README_FIRST.md,4aed22f0b618a1c69241d34f98025828425a529d728109c54b09310bf1c7a929,1464
REPRODUCIBILITY/README.md,e07bd55cd186a4dbfd4b21147a7bfe9bdfc1d591b12ebd8534da79cdee50058b,1672
REVIEWS_AND_RECOMMENDATIONS/README.md,31ee682fb236b68ee181b87e9cd08d1a89e32036a6d2b5fd559904439d6ff158,3802
THEOREM_BANK_OWNERSHIP.md,f2b6b42ea42f397cbc71592a92b87db8dca38791ce61ca7eb2cf478cd51e0c9f,1428
