"RelativePath","SHA256","Bytes","LastWriteTime"
"01_THEOREM_BANK\THEOREM_BANK.pdf","610a457a294ee338deadc81412b1e1df716efd2bdb25a2b1a473420f4596896b","411692","2026-09-18 19:41:35 +07:00"
"01_THEOREM_BANK\THEOREM_BANK.tex","ea481a3b14d840b987a1c3937a943446da7fb2285a8e527342c25aa934a32d5c","42170","2026-09-18 19:41:35 +07:00"
"02_HISTORICAL_PUBLICATION_MAP\ONE_PAGE_PUBLICATION_MAP.pdf","4f88bbb40e432f3b619ad10e07fa492cda5d34235a4afc10ffba8848041174c2","138634","2026-09-18 19:41:35 +07:00"
"02_HISTORICAL_PUBLICATION_MAP\ONE_PAGE_PUBLICATION_MAP.tex","02d9fcc00543de80523df88707db43053afe6bdee16c4c7b4cde726377d84b67","4032","2026-09-18 19:41:35 +07:00"
"03_CONSOLIDATED_FINDINGS\CM_LM_Quantum_Findings_Consolidated_Report_2026-09-22.pdf","170d261fd7cdce5673f49cf80f86e365a2dfbcf75159d1f178bc405719f08923","219753","2026-09-22 20:53:37 +07:00"
"04_MASTER_TOPIC_INVENTORY\CM_LM_Research_Threads_Master_Topic_Inventory_2026-09-25.md","0559975545fa4fd3a00690c9615cc5cb01eb0fb30c241097f8a63fb42cc35682","71948","2026-09-25 16:07:59 +07:00"
"05_CURRENT_AUDIT_AND_RECOMMENDATIONS\CM_LM_Publication_Consolidation_and_Research_Opportunities_2026-09-25.md","5e7d454a3c103860c23a060e7f2c5f969ab5f462e94c7a87ccf21e8ddfcd404d","88637","2026-09-25 20:58:18 +07:00"
"05_CURRENT_AUDIT_AND_RECOMMENDATIONS\CM_LM_Publication_Consolidation_Evidence_2026-09-25.json","64782e90d6c3ec66356491c66f1d4750659b0eec0c4e26473aace589ffe4b282","181886","2026-09-25 20:58:18 +07:00"
"05_CURRENT_AUDIT_AND_RECOMMENDATIONS\Paper_Preservation_Audit_2026-09-25.md","3941b69ef99e835ea212472ed07351cd356b69e988d5a2737a276d1fe825f24c","165234","2026-09-25 20:05:30 +07:00"
"05_CURRENT_AUDIT_AND_RECOMMENDATIONS\Paper_Preservation_Audit_Evidence_2026-09-25.json","463fbe1dd1d296867cf7b100e04f53d9ef3df212e9d82e331d2d367b61bb790f","1743870","2026-09-25 20:05:30 +07:00"
"06_ORGANIZATION_RECEIPT\CM_LM_Publication_Folder_Copies_2026-09-25.json","507d0c79da496d3d573b870ff78ddd72a2738c042cb1f486888f2dbc7c3be7f8","320340","2026-09-25 21:25:04 +07:00"
"06_ORGANIZATION_RECEIPT\CM_LM_Publication_Folder_Organization_2026-09-25.md","05be963faf1520a3557c043344fa87e4986270ddfd73b3783d10984fdf98c434","4006","2026-09-25 21:29:56 +07:00"
"07_PORTFOLIO_PROVENANCE_20260921\07_LEGACY_AND_PRECONSOLIDATION_MATERIAL_README.md","0f74f63fec03e3a69186c2dec311617ab64de4d37f65d42ba95f732a5356b2b1","785","2026-09-21 13:24:22 +07:00"
"07_PORTFOLIO_PROVENANCE_20260921\INVENTORY_SHA256.txt","f4c2dec5e95a166d48d8a4a434feb81dae73efa9b427cfd1e9b6b797ab467e40","56381","2026-09-21 13:24:22 +07:00"
"07_PORTFOLIO_PROVENANCE_20260921\INVENTORY.csv","73b12daa2b399dfe6cf7bc350d0ad7e5622c642b3277609d2104874726bd259e","143438","2026-09-21 13:24:22 +07:00"
"07_PORTFOLIO_PROVENANCE_20260921\README.md","96effccf0cb884364a2897175a2eea2594395b449ffd779632f3e2652011e98c","2642","2026-09-21 13:29:33 +07:00"
"08_PORTFOLIO_PROGRAM_REPORTS_20260921\ADDITIONAL_PUBLICATION_OPPORTUNITIES.md","03a93efe93411a6d10a648ab170433bca1b3e78db6b0732ede4ac0b078d420b0","11762","2026-09-20 15:35:24 +07:00"
"08_PORTFOLIO_PROGRAM_REPORTS_20260921\CROSS_PAPER_ARCHITECTURE.md","2e08efdee505c44ad680ad93ab45687344fff5f85ed0e5d22e449b05e3583f31","2424","2026-09-19 09:54:56 +07:00"
"08_PORTFOLIO_PROGRAM_REPORTS_20260921\CROSS_PAPER_CITATION_PLAN.md","8a74c46b94dd67eed3d8f61e27fd8e654e0fc7d19e9679825838fdf001049224","1395","2026-09-19 09:54:56 +07:00"
"08_PORTFOLIO_PROGRAM_REPORTS_20260921\FINAL_DELIVERY_CHECK.json","05be7e5f82b0e08e575b3009bdb734bd3ecd7f119caab8a46a9700f36bcac341","2205","2026-09-19 13:48:18 +07:00"
"08_PORTFOLIO_PROGRAM_REPORTS_20260921\FINAL_QA.json","8020a1b016e097ab41e583c24b7dca17cf08d971bd8da44a0671112634ae1cfc","1250","2026-09-19 09:54:56 +07:00"
"08_PORTFOLIO_PROGRAM_REPORTS_20260921\GATE_7_COHERENCE_REVIEW.md","d29d49a266fe186e644e837c269dc76a5792133cb0f842560633fadcbc83f58b","2465","2026-09-19 13:48:18 +07:00"
"08_PORTFOLIO_PROGRAM_REPORTS_20260921\GLOBAL_CHANGED_CLAIMS.md","e88e5f5a4fbcc9b18e89c71c218992c6e11995e818350c69082ac111be90e810","5841","2026-09-19 06:22:54 +07:00"
"08_PORTFOLIO_PROGRAM_REPORTS_20260921\GLOBAL_PRIORITY_LEDGER.csv","e88d701674b71cefad3f02baf6be0bb7d1904315788b80046de6b7dd7891e914","7910","2026-09-19 09:54:56 +07:00"
"08_PORTFOLIO_PROGRAM_REPORTS_20260921\LOCAL_CLAIM_UPDATES.json","059ed7eba6ebe9456ca960212017ee680f8cb7654be26a60f651493cdbc9656f","4550","2026-09-19 06:22:54 +07:00"
"08_PORTFOLIO_PROGRAM_REPORTS_20260921\README.md","186d23800de2044c6d763b1cdd279613f82e310685da4ed204a2471fe3c07e64","835","2026-09-21 13:24:22 +07:00"
"08_PORTFOLIO_PROGRAM_REPORTS_20260921\REPRODUCTION_SUPPLEMENT_MANIFEST.json","060086ed70ea1af0c66d61017528464f182750dbe5e4b4d3447118401734c9d0","369","2026-09-19 13:46:11 +07:00"
"08_PORTFOLIO_PROGRAM_REPORTS_20260921\REPRODUCTION_SUPPLEMENT.zip","c2e273afc531fdb71dd483263c7a20112062d64a9b6a1d9fc0e745315b981780","46360038","2026-09-19 13:46:10 +07:00"
"08_PORTFOLIO_PROGRAM_REPORTS_20260921\RESEARCH_GAPS_AFTER_DEEP_DIVE.md","929f416db327f2f375f4454ba4f5715bf103c85ca55ea886ff26042afbacbab2","3460","2026-09-19 13:48:18 +07:00"
"08_PORTFOLIO_PROGRAM_REPORTS_20260921\RESEARCH_TO_PUBLICATION_INITIALIZATION_REPORT.md","152851297cc7b696d41c3f070b30e1e40ebd179d3431182be85d7098ec65bc42","9083","2026-09-19 09:54:56 +07:00"
"08_PORTFOLIO_PROGRAM_REPORTS_20260921\STATUS.md","b8edf434b32e3999b134c7ead36f5816bce1613e34853ef877a7fd27a9b4522b","2300","2026-09-19 13:48:18 +07:00"
"09_DELETION_AND_OVERLAP_AUDIT_20260925\CM_LM_Cross_Folder_Exact_Overlap_Evidence_2026-09-25.json","22769cb997c97048bc28af46d7a9e9d1e9a43b0923f1e6d5bfc24eba94e8b7d7","43372","2026-09-25 22:27:28 +07:00"
"09_DELETION_AND_OVERLAP_AUDIT_20260925\CM_LM_Cross_Folder_Semantic_Overlap_Evidence_2026-09-25.json","b5984983c9494a8678b2e889a88044fd1a5d7dffcaa46ff67f6f4a5a4185ad4c","15381","2026-09-25 22:22:07 +07:00"
"09_DELETION_AND_OVERLAP_AUDIT_20260925\CM_LM_Portfolio_Deletion_and_Cross_Folder_Overlap_Audit_2026-09-25.md","1cae6a95c1c281d0577bb37eb02b69e55b016afbfb5d56fa187acc6eb4febee4","11798","2026-09-25 22:29:02 +07:00"
"09_DELETION_AND_OVERLAP_AUDIT_20260925\CM_LM_Portfolio_Exact_Coverage_Evidence_2026-09-25.json","e0a37a5fda15c88816722840c52755454be55e30c04af6c478592e97d2e794cf","182080","2026-09-25 22:26:26 +07:00"
"README_FIRST.md","a65e05efe0c5220ac1d743dcfbbc4c6e7f3259cf485a08b30ac446bc4d1f3006","626","2026-09-25 21:28:05 +07:00"
