a,b,count,literal_rank,shared_separable,literal_separable_nonzero,universal_single_copy,literal_activation_min_copies_rank_bound,shared_max_exact_vectors,literal_max_exact_subspace_vectors
0,0,24576,8,0,0,1,1,256,256
0,1,18432,7,0,0,0,2,16,128
0,2,9216,6,0,0,0,2,16,64
0,3,4608,5,0,0,0,2,16,32
0,4,4608,4,1,0,0,2,16,16
1,1,1536,6,0,0,0,2,1,64
1,2,1152,5,0,0,0,2,1,32
1,3,576,4,0,0,0,2,1,16
1,4,576,3,1,0,0,2,1,8
2,2,96,4,0,0,0,2,1,16
2,3,72,3,0,0,0,2,1,8
2,4,72,2,1,0,0,3,1,4
3,3,6,2,0,0,0,3,1,4
3,4,9,1,1,1,0,never,1,2
4,4,1,0,1,0,0,never,1,1
