a,b,count,status_192,possible,extendable,uncovered,different_raw_contexts,orthogonal_global_assignments,orthogonal_uncovered
0,0,24576,STRONG,141312,0,141312,5952,16,0
0,1,18432,LOGICAL,139264,65536,73728,7936,26,4
0,2,9216,LOGICAL,137216,100352,36864,4096,65,0
0,3,4608,LOGICAL,135168,119808,15360,0,65,0
0,4,4608,LOCAL,131072,131072,0,0,15,0
1,1,1536,STRONG,135168,0,135168,11520,4,0
1,2,1152,LOGICAL,131072,65536,65536,8192,17,0
1,3,576,LOGICAL,126976,98304,28672,0,17,0
1,4,576,LOCAL,118784,118784,0,0,7,0
2,2,96,STRONG,122880,0,122880,0,2,0
2,3,72,LOGICAL,114688,65536,49152,0,2,0
2,4,72,LOCAL,98304,98304,0,0,1,0
3,3,6,STRONG,98304,0,98304,0,2,0
3,4,9,LOCAL,65536,65536,0,0,1,0
4,4,1,ZERO,0,0,0,0,0,0
