a,b,corrections_exhausted,max_fixed_vectors,analyzer_rows_exhausted,quotient_correctable_rows,max_independent_quotient_success_outcomes
0,0,65536,256,65536,24576,4
0,1,65536,16,65536,8192,2
0,2,65536,16,65536,4096,2
0,3,65536,16,65536,2048,2
0,4,65536,16,65536,2048,3
1,1,65536,1,65536,24576,4
1,2,65536,1,65536,8192,2
1,3,65536,1,65536,4096,2
1,4,65536,1,65536,4096,3
2,2,65536,1,65536,24576,4
2,3,65536,1,65536,8192,2
2,4,65536,1,65536,8192,3
3,3,65536,1,65536,24576,4
3,4,65536,1,65536,16384,3
4,4,65536,1,65536,65536,4
