Phenomenon,Conventional quantum notion,Exact Boolean/modal analogue and result,Important missing feature
Superposition,"Linear combination of amplitudes, with normalization and rays","Nonzero vector addition. F2 already suffices; a state added to itself gives zero, which is not a state","No continuous amplitudes, norm, or constructive intensity"
Phase and relative phase,Scalar unit-modulus factors; relative phases become observable after mixing,"F2 scalar phase is trivial. A has units, including R of order four; relative diagonal units plus a shear change support","R is unipotent, not a diagonalizable complex quarter turn; phase depends on coarse readout"
Phase kickback,A target eigenvalue becomes a control-dependent phase,"In shared A-coefficient theory, Boolean XOR kicks back z=R^2 using (1,z); R uses a four-level cyclic target and a separately declared oracle",Eigenvectors do not form a Fourier basis; standard bit flip cannot have a primitive R-eigenvector
Interference,"Amplitudes combine, sometimes destructively","W^2=I and W diag(I,R^k) W(v,0)=(v,v+R^k v). Destructive cancellation is exactly XOR cancellation","No amplitude magnitude, fringes with intensities, or Born statistics"
Complementarity,Incompatible observables and incompatible outcome statistics,"Distinct complete dual bases Z, X, Y of F2^2 already give deterministic versus ambiguous outcomes",These are not Hilbert mutually unbiased bases; they can share effect rays
Nonseparability,A pure state is not a product across a specified partition,"Over a field, coefficient rank >=2. Over the chain ring, at least two nonzero Smith factors",S and L have different products and different separability tests
Bell support nonlocality,No local model reproduces the pattern of possible events,A finite support model is nonlocal iff some possible event fails to extend to a global assignment,"No Bell expectation value, violation magnitude, or experimental probability"
Hardy logical contextuality,A possible event and several zero probabilities contradict local predetermined outcomes,Uniform two-setting Hardy witnesses exist for two nonzero Smith factors; unequal valuations yield logical but not strong contextuality with all A-bases,This exact pure-state intermediate stratum depends on ring valuation and measurement contract
Strong contextuality,No global assignment is compatible with the support,"Already present in F2 Bell states with Z, X, Y; over complete chain-ring bases it is determined by lowest-valuation multiplicity >=2",Not a generic consequence of a four-cycle phase group
GHZ contradiction,"All-or-nothing multipartite constraints, conventionally a four-context parity argument",The state 000+111 has a no-global-assignment support table for three local F2 bases; phase-expanded literal GHZ has the corresponding coarse table,"For every state in the binary contracts studied here, at most two settings per site always admit a global assignment (R1b); the conventional two-setting GHZ pattern is unavailable"
No cloning,No physical map copies an arbitrary unknown pure state,Linearity and tensor composition forbid v -> v tensor v on all nonzero F2 vectors when d>=2,Classical descriptions and basis labels remain copyable
No deleting,Reversible dynamics cannot erase one unknown copy without moving the information elsewhere,Reversible deletion with a fixed blank and no information-bearing environment is impossible,"A noninvertible diagonal contraction deletes duplicated F2 vectors algebraically, but is not automatically a complete deterministic operation"
Teleportation,Entanglement plus classical feed-forward transfers an unknown state,Complete invertible-matrix effect bases and inverse branch corrections give exact protocols; universal resource must be invertible,No probabilities or fidelity. Literal 8-dimensional teleportation needs 64 outcomes and unrestricted phase operations beyond the native A-linear analyzer
Dense coding,Entanglement increases distinguishable messages for a transmitted carrier,Field resource of rank r: d*r invertible-orbit codewords. Shared chain ring: d*h block messages,Exact distinguishability is not Shannon capacity. Nilpotent dense coding need not imply universal teleportation
Entanglement swapping,A joint measurement connects two remote entangled resources,"Coefficient contraction M E N; invertible resources and invertible reshaped effects preserve full rank, with local correction",No heralding probability; the allowed analyzer must be specified
Remote state preparation,A known target state is prepared remotely using shared correlations,"Over a field, a heralded branch prepares phi iff phi is in im(M^T); over A the allowed projective effect must have a primitive preimage",Possibility is not guaranteed occurrence; no optimal communication advantage is established
Error correction,A code reverses a declared error channel on an unknown state,An exact distinguishable-syndrome construction exists when error images are injective and form a direct sum; a 3-mobit repetition example works coherently,"No noise probabilities, thresholds, CPTP channels, or general Knill-Laflamme replacement"
Stabilizer-like evolution,Pauli normalizers admit efficient state/effect tableaus,"A is a principled equivariant linear algebra, and a genuine Pauli-like finite group exists; its actual normalizer is much smaller than the native gate set",Finiteness or matrix linearity does not imply simulation polynomial in the number of carriers
Oracle algorithms,"Coherent queries, phase processing and readout yield task-dependent query bounds",Reversible Boolean oracles exist. Deutsch/DJ one-query forms fail; BV needs n queries; known modal UNIQUE-SAT succeeds in one query,A CM implementation on a classical machine is not thereby a faster physical oracle
