Change,Result,Evidence and scope
"Replace A by F2 and retain tensor, GL and all dual bases","Bell strong contextuality, no cloning, exact teleportation/dense coding and the repetition correction survive",Proofs; independent Bell and protocol checks
Remove R while retaining F2 mixing and tensor operations,The preceding features survive; specifically rotation-sensitive interference is no longer available,Embedded F2 witnesses; no claim about removing the only permitted mixer
"Remove all nonmonomial mixing and permit only basis states, basis permutations and computational readout",A reversible classical subtheory remains,Basis-state invariance proof
Replace length-four A by F2[epsilon]/epsilon^2,Unequal-valuation logical contextuality and nonprimitive dense/teleportation separation already occur,General chain-ring theorem; supplied extension campaign rerun
Retain a literal independent tensor instead of balancing over A,Independent nonzero preparations no longer annihilate; shared and literal separability disagree,Three explicit counterexamples in `independent_tensor_counterexamples.json`
Enlarge literal local operations and readout to all GL_8(F2) and field bases,Smith distinctions collapse to binary rank. Every rank>=2 pure resource is strongly contextual with all bases,Rank classification and field specialization of the support theorem
Restrict both local preprocessing and measurement bases to O_8(F2) intersect GL_2(A),"There are 512 gates and 4 bases; the identity-resource Bell support becomes local. The canonical D(0,1) still has four unextendable events","Exhaustive 256 assignments for each of 14 canonical resources, not an enumeration of every state under this smaller group"
Demand transpose-orthogonal teleportation corrections,"No complete rank-one exact universal analyzer exists, for any invertible resource and d>=2",Orthogonal-span theorem; independent O_4 span calculation
Substitute an alternating form and change the gate contract accordingly,A two-mobit symplectic alternative does admit complete exact teleportation analyzers; 72 ordered examples among 360 candidates,Exact enumeration using J_2 and J_2 tensor J_2. Not a claim that all native W/CNOT/R gates preserve that form
Remove nonlinear Boolean truth logic but retain only affine basis-label reversible gates,The directly compilable Boolean oracles are affine,"Gate closure on basis labels. This ablation must not silently retain all GL of the amplitude space, since all GL already contains arbitrary oracle permutations"
Add support-faithful nonnegative real nonsignalling probabilities to the displayed Bell table,Impossible,Exact rational zero-sum certificates force six modally possible events to probability zero
Remove the third setting at every site in the displayed GHZ experiment,No strong subscenario remains; all 27 two-setting subscenarios remain logically contextual,Exhaustive 64 assignments per subscenario
