id,rows
0,"((0, 1), (1, 0))"
1,"((0, 1), (1, 1))"
2,"((0, 1), (1, 2))"
3,"((0, 1), (1, 3))"
4,"((0, 1), (1, 4))"
5,"((0, 1), (1, 5))"
6,"((0, 1), (1, 6))"
7,"((0, 1), (1, 7))"
8,"((0, 1), (1, 8))"
9,"((0, 1), (1, 9))"
10,"((0, 1), (1, 10))"
11,"((0, 1), (1, 11))"
12,"((0, 1), (1, 12))"
13,"((0, 1), (1, 13))"
14,"((0, 1), (1, 14))"
15,"((0, 1), (1, 15))"
16,"((1, 0), (1, 1))"
17,"((1, 0), (1, 3))"
18,"((1, 0), (1, 5))"
19,"((1, 0), (1, 7))"
20,"((1, 0), (1, 9))"
21,"((1, 0), (1, 11))"
22,"((1, 0), (1, 13))"
23,"((1, 0), (1, 15))"
24,"((1, 0), (2, 1))"
25,"((1, 0), (2, 3))"
26,"((1, 0), (2, 5))"
27,"((1, 0), (2, 7))"
28,"((1, 0), (4, 1))"
29,"((1, 0), (4, 3))"
30,"((1, 0), (8, 1))"
31,"((1, 1), (1, 2))"
32,"((1, 1), (1, 4))"
33,"((1, 1), (1, 6))"
34,"((1, 1), (1, 8))"
35,"((1, 1), (1, 10))"
36,"((1, 1), (1, 12))"
37,"((1, 1), (1, 14))"
38,"((1, 1), (2, 1))"
39,"((1, 1), (2, 3))"
40,"((1, 1), (2, 5))"
41,"((1, 1), (2, 7))"
42,"((1, 1), (4, 1))"
43,"((1, 1), (4, 3))"
44,"((1, 1), (8, 1))"
45,"((1, 2), (1, 3))"
46,"((1, 2), (1, 5))"
47,"((1, 2), (1, 7))"
48,"((1, 2), (1, 9))"
49,"((1, 2), (1, 11))"
50,"((1, 2), (1, 13))"
51,"((1, 2), (1, 15))"
52,"((1, 2), (2, 1))"
53,"((1, 2), (2, 3))"
54,"((1, 2), (2, 5))"
55,"((1, 2), (2, 7))"
56,"((1, 2), (4, 1))"
57,"((1, 2), (4, 3))"
58,"((1, 2), (8, 1))"
59,"((1, 3), (1, 4))"
60,"((1, 3), (1, 6))"
61,"((1, 3), (1, 8))"
62,"((1, 3), (1, 10))"
63,"((1, 3), (1, 12))"
64,"((1, 3), (1, 14))"
65,"((1, 3), (2, 1))"
66,"((1, 3), (2, 3))"
67,"((1, 3), (2, 5))"
68,"((1, 3), (2, 7))"
69,"((1, 3), (4, 1))"
70,"((1, 3), (4, 3))"
71,"((1, 3), (8, 1))"
72,"((1, 4), (1, 5))"
73,"((1, 4), (1, 7))"
74,"((1, 4), (1, 9))"
75,"((1, 4), (1, 11))"
76,"((1, 4), (1, 13))"
77,"((1, 4), (1, 15))"
78,"((1, 4), (2, 1))"
79,"((1, 4), (2, 3))"
80,"((1, 4), (2, 5))"
81,"((1, 4), (2, 7))"
82,"((1, 4), (4, 1))"
83,"((1, 4), (4, 3))"
84,"((1, 4), (8, 1))"
85,"((1, 5), (1, 6))"
86,"((1, 5), (1, 8))"
87,"((1, 5), (1, 10))"
88,"((1, 5), (1, 12))"
89,"((1, 5), (1, 14))"
90,"((1, 5), (2, 1))"
91,"((1, 5), (2, 3))"
92,"((1, 5), (2, 5))"
93,"((1, 5), (2, 7))"
94,"((1, 5), (4, 1))"
95,"((1, 5), (4, 3))"
96,"((1, 5), (8, 1))"
97,"((1, 6), (1, 7))"
98,"((1, 6), (1, 9))"
99,"((1, 6), (1, 11))"
100,"((1, 6), (1, 13))"
101,"((1, 6), (1, 15))"
102,"((1, 6), (2, 1))"
103,"((1, 6), (2, 3))"
104,"((1, 6), (2, 5))"
105,"((1, 6), (2, 7))"
106,"((1, 6), (4, 1))"
107,"((1, 6), (4, 3))"
108,"((1, 6), (8, 1))"
109,"((1, 7), (1, 8))"
110,"((1, 7), (1, 10))"
111,"((1, 7), (1, 12))"
112,"((1, 7), (1, 14))"
113,"((1, 7), (2, 1))"
114,"((1, 7), (2, 3))"
115,"((1, 7), (2, 5))"
116,"((1, 7), (2, 7))"
117,"((1, 7), (4, 1))"
118,"((1, 7), (4, 3))"
119,"((1, 7), (8, 1))"
120,"((1, 8), (1, 9))"
121,"((1, 8), (1, 11))"
122,"((1, 8), (1, 13))"
123,"((1, 8), (1, 15))"
124,"((1, 8), (2, 1))"
125,"((1, 8), (2, 3))"
126,"((1, 8), (2, 5))"
127,"((1, 8), (2, 7))"
128,"((1, 8), (4, 1))"
129,"((1, 8), (4, 3))"
130,"((1, 8), (8, 1))"
131,"((1, 9), (1, 10))"
132,"((1, 9), (1, 12))"
133,"((1, 9), (1, 14))"
134,"((1, 9), (2, 1))"
135,"((1, 9), (2, 3))"
136,"((1, 9), (2, 5))"
137,"((1, 9), (2, 7))"
138,"((1, 9), (4, 1))"
139,"((1, 9), (4, 3))"
140,"((1, 9), (8, 1))"
141,"((1, 10), (1, 11))"
142,"((1, 10), (1, 13))"
143,"((1, 10), (1, 15))"
144,"((1, 10), (2, 1))"
145,"((1, 10), (2, 3))"
146,"((1, 10), (2, 5))"
147,"((1, 10), (2, 7))"
148,"((1, 10), (4, 1))"
149,"((1, 10), (4, 3))"
150,"((1, 10), (8, 1))"
151,"((1, 11), (1, 12))"
152,"((1, 11), (1, 14))"
153,"((1, 11), (2, 1))"
154,"((1, 11), (2, 3))"
155,"((1, 11), (2, 5))"
156,"((1, 11), (2, 7))"
157,"((1, 11), (4, 1))"
158,"((1, 11), (4, 3))"
159,"((1, 11), (8, 1))"
160,"((1, 12), (1, 13))"
161,"((1, 12), (1, 15))"
162,"((1, 12), (2, 1))"
163,"((1, 12), (2, 3))"
164,"((1, 12), (2, 5))"
165,"((1, 12), (2, 7))"
166,"((1, 12), (4, 1))"
167,"((1, 12), (4, 3))"
168,"((1, 12), (8, 1))"
169,"((1, 13), (1, 14))"
170,"((1, 13), (2, 1))"
171,"((1, 13), (2, 3))"
172,"((1, 13), (2, 5))"
173,"((1, 13), (2, 7))"
174,"((1, 13), (4, 1))"
175,"((1, 13), (4, 3))"
176,"((1, 13), (8, 1))"
177,"((1, 14), (1, 15))"
178,"((1, 14), (2, 1))"
179,"((1, 14), (2, 3))"
180,"((1, 14), (2, 5))"
181,"((1, 14), (2, 7))"
182,"((1, 14), (4, 1))"
183,"((1, 14), (4, 3))"
184,"((1, 14), (8, 1))"
185,"((1, 15), (2, 1))"
186,"((1, 15), (2, 3))"
187,"((1, 15), (2, 5))"
188,"((1, 15), (2, 7))"
189,"((1, 15), (4, 1))"
190,"((1, 15), (4, 3))"
191,"((1, 15), (8, 1))"
