truth_mask_x_plus_2y,true_first_CM,ANF_const_x_y_xy,oracle_binary_rows,Toffoli_required_in_this_ANF_compiler
0,"((0, 0), (0, 0))","(0, 0, 0, 0)","(1, 2, 4, 8, 16, 32, 64, 128)",0
1,"((0, 0), (0, 1))","(1, 1, 1, 1)","(16, 2, 4, 8, 1, 32, 64, 128)",1
2,"((0, 1), (0, 0))","(0, 1, 0, 1)","(1, 32, 4, 8, 16, 2, 64, 128)",1
3,"((0, 1), (0, 1))","(1, 0, 1, 0)","(16, 32, 4, 8, 1, 2, 64, 128)",0
4,"((0, 0), (1, 0))","(0, 0, 1, 1)","(1, 2, 64, 8, 16, 32, 4, 128)",1
5,"((0, 0), (1, 1))","(1, 1, 0, 0)","(16, 2, 64, 8, 1, 32, 4, 128)",0
6,"((0, 1), (1, 0))","(0, 1, 1, 0)","(1, 32, 64, 8, 16, 2, 4, 128)",0
7,"((0, 1), (1, 1))","(1, 0, 0, 1)","(16, 32, 64, 8, 1, 2, 4, 128)",1
8,"((1, 0), (0, 0))","(0, 0, 0, 1)","(1, 2, 4, 128, 16, 32, 64, 8)",1
9,"((1, 0), (0, 1))","(1, 1, 1, 0)","(16, 2, 4, 128, 1, 32, 64, 8)",0
10,"((1, 1), (0, 0))","(0, 1, 0, 0)","(1, 32, 4, 128, 16, 2, 64, 8)",0
11,"((1, 1), (0, 1))","(1, 0, 1, 1)","(16, 32, 4, 128, 1, 2, 64, 8)",1
12,"((1, 0), (1, 0))","(0, 0, 1, 0)","(1, 2, 64, 128, 16, 32, 4, 8)",0
13,"((1, 0), (1, 1))","(1, 1, 0, 1)","(16, 2, 64, 128, 1, 32, 4, 8)",1
14,"((1, 1), (1, 0))","(0, 1, 1, 1)","(1, 32, 64, 128, 16, 2, 4, 8)",1
15,"((1, 1), (1, 1))","(1, 0, 0, 0)","(16, 32, 64, 128, 1, 2, 4, 8)",0
