Prior work or family,What it already supplies,What is different in this investigation,Claim status
Schumacher-Westmoreland modal quantum theory [SW2012],"Finite-field nonzero states, linear reversible dynamics, nonorthogonal basis measurements, complementarity, Bell/no-cloning arguments, teleportation and dense coding","Explicit ablations of R, tensor choice, ring valuation and operation groups",Phenomena are known; new calculations verify the current models and dependencies
James-Ortiz-Sabry finite-field computing [JOS2011],A reversible programming account of finite-field superposition and exclusive-disjunction interference,A typed connection to Paper B's particular LM compiler and an honest oracle interface,General Boolean/reversible programming bridge is known; CM-specific compiler integration is narrower
Willcock-Sabry UNIQUE-SAT [WS2011],One-query modal UNIQUE-SAT using nonorthogonal transformations,Independent positive-control reproduction beside no-go results for other standard algorithms,Algorithm is known and explicitly credited
de Beaudrap semiring/ring computation [deB2014],A general amplitude-semiring framework and complexity classifications for cyclic rings and finite fields,The restricted A-equivariant gate/measurement contract and its resource invariants,Finite-ring computation is not new; A is not simply the cyclic ring Z_16
Abramsky-Brandenburger possibilistic contextuality [AB2011],"Global-section tests, logical and strong contextuality, general measurement covers",Exact Smith/leading-layer resource classification and decoder comparison in the supplied chain-ring family,Hierarchy terminology and support methodology are prior art
Spekkens toy theory [Spekkens2007],"Complementarity, no-cloning, steering, teleportation and dense-coding analogues without Bell nonlocality",Explicit counterweight to universal implications inferred from the CM models,Shows the CM implication graph is model-relative
"Relational and categorical process theories [AC2004, Gogioso2017]",Structural descriptions of composition and communication protocols outside complex Hilbert spaces,"Precise distinction between OR/AND relations, XOR/AND linear relations, and a shared ring tensor",The categorical protocol viewpoint is known; this report is not about Rovelli's relational interpretation
Phase-group methods [CES2010],Phase-group explanations of GHZ behaviour in specified mutually unbiased qubit theories,"R is unipotent; the required observable structure is absent, and two binary settings cannot be strongly contextual here",Order-four R alone does not instantiate that earlier phase-group theorem
Stabilizer theory [Gottesman1997],"Actual Pauli normalizers, symplectic label structure, efficient code/state descriptions",A nonstandard 16-element Pauli-like group with a 256-element local normalizer and a native shear outside it,Do not identify binary stabilizer labels with binary amplitudes
Finite-field Fourier methods,Character orthogonality when the amplitude algebra has appropriate roots and invertible group order,The direct characteristic-two Boolean-group obstruction in Q5,Modular-character obstruction is standard algebra; application to this exact oracle contract is the useful organization
Polynomial quantum query methods [BBCMW2001],Polynomial degree as a tool for oracle lower bounds,"Characteristic-two affine dependence gives the exact BV bound q>=n, alongside Deutsch/DJ span obstructions",The method is antecedented; priority of these specific modal formulations is not certified
Chain-ring module/coding theory [BHKW2022] and the supplied review,"Smith types, residue/radical layers and module invariants; the supplied review already proves R1",Leading-layer exact dense-codebook size d*h and its comparison with universal teleportation,Algebraic foundations and R1 are imported; R2 is a derived theorem requiring focused priority review
Quantum teleportation/dense-coding duality [CL2024],A probabilistic state-discrimination duality for noisy complex-quantum protocols,Exact nonprimitive chain-ring codebooks versus universal recovery of a full free module,"The nilpotent separation does not contradict a theorem with different probabilities, normalization and tasks"
