n,marked_input,final_support_bitset,all_zero_possible
1,-1,0x1,1
1,0,0xe,0
1,1,0x4,0
2,-1,0x1,1
2,0,0xfe,0
2,1,0x54,0
2,2,0x32,0
2,3,0x10,0
3,-1,0x1,1
3,0,0xfffe,0
3,1,0x5554,0
3,2,0x3332,0
3,3,0x1110,0
3,4,0xf0e,0
3,5,0x504,0
3,6,0x302,0
3,7,0x100,0
4,-1,0x1,1
4,0,0xfffffffe,0
4,1,0x55555554,0
4,2,0x33333332,0
4,3,0x11111110,0
4,4,0xf0f0f0e,0
4,5,0x5050504,0
4,6,0x3030302,0
4,7,0x1010100,0
4,8,0xff00fe,0
4,9,0x550054,0
4,10,0x330032,0
4,11,0x110010,0
4,12,0xf000e,0
4,13,0x50004,0
4,14,0x30002,0
4,15,0x10000,0
5,-1,0x1,1
5,0,0xfffffffffffffffe,0
5,1,0x5555555555555554,0
5,2,0x3333333333333332,0
5,3,0x1111111111111110,0
5,4,0xf0f0f0f0f0f0f0e,0
5,5,0x505050505050504,0
5,6,0x303030303030302,0
5,7,0x101010101010100,0
5,8,0xff00ff00ff00fe,0
5,9,0x55005500550054,0
5,10,0x33003300330032,0
5,11,0x11001100110010,0
5,12,0xf000f000f000e,0
5,13,0x5000500050004,0
5,14,0x3000300030002,0
5,15,0x1000100010000,0
5,16,0xffff0000fffe,0
5,17,0x555500005554,0
5,18,0x333300003332,0
5,19,0x111100001110,0
5,20,0xf0f00000f0e,0
5,21,0x50500000504,0
5,22,0x30300000302,0
5,23,0x10100000100,0
5,24,0xff000000fe,0
5,25,0x5500000054,0
5,26,0x3300000032,0
5,27,0x1100000010,0
5,28,0xf0000000e,0
5,29,0x500000004,0
5,30,0x300000002,0
5,31,0x100000000,0
6,-1,0x1,1
6,0,0xfffffffffffffffffffffffffffffffe,0
6,1,0x55555555555555555555555555555554,0
6,2,0x33333333333333333333333333333332,0
6,3,0x11111111111111111111111111111110,0
6,4,0xf0f0f0f0f0f0f0f0f0f0f0f0f0f0f0e,0
6,5,0x5050505050505050505050505050504,0
6,6,0x3030303030303030303030303030302,0
6,7,0x1010101010101010101010101010100,0
6,8,0xff00ff00ff00ff00ff00ff00ff00fe,0
6,9,0x550055005500550055005500550054,0
6,10,0x330033003300330033003300330032,0
6,11,0x110011001100110011001100110010,0
6,12,0xf000f000f000f000f000f000f000e,0
6,13,0x50005000500050005000500050004,0
6,14,0x30003000300030003000300030002,0
6,15,0x10001000100010001000100010000,0
6,16,0xffff0000ffff0000ffff0000fffe,0
6,17,0x5555000055550000555500005554,0
6,18,0x3333000033330000333300003332,0
6,19,0x1111000011110000111100001110,0
6,20,0xf0f00000f0f00000f0f00000f0e,0
6,21,0x505000005050000050500000504,0
6,22,0x303000003030000030300000302,0
6,23,0x101000001010000010100000100,0
6,24,0xff000000ff000000ff000000fe,0
6,25,0x55000000550000005500000054,0
6,26,0x33000000330000003300000032,0
6,27,0x11000000110000001100000010,0
6,28,0xf0000000f0000000f0000000e,0
6,29,0x5000000050000000500000004,0
6,30,0x3000000030000000300000002,0
6,31,0x1000000010000000100000000,0
6,32,0xffffffff00000000fffffffe,0
6,33,0x555555550000000055555554,0
6,34,0x333333330000000033333332,0
6,35,0x111111110000000011111110,0
6,36,0xf0f0f0f000000000f0f0f0e,0
6,37,0x50505050000000005050504,0
6,38,0x30303030000000003030302,0
6,39,0x10101010000000001010100,0
6,40,0xff00ff0000000000ff00fe,0
6,41,0x5500550000000000550054,0
6,42,0x3300330000000000330032,0
6,43,0x1100110000000000110010,0
6,44,0xf000f00000000000f000e,0
6,45,0x500050000000000050004,0
6,46,0x300030000000000030002,0
6,47,0x100010000000000010000,0
6,48,0xffff000000000000fffe,0
6,49,0x55550000000000005554,0
6,50,0x33330000000000003332,0
6,51,0x11110000000000001110,0
6,52,0xf0f0000000000000f0e,0
6,53,0x5050000000000000504,0
6,54,0x3030000000000000302,0
6,55,0x1010000000000000100,0
6,56,0xff00000000000000fe,0
6,57,0x550000000000000054,0
6,58,0x330000000000000032,0
6,59,0x110000000000000010,0
6,60,0xf000000000000000e,0
6,61,0x50000000000000004,0
6,62,0x30000000000000002,0
6,63,0x10000000000000000,0
