A,0,AND,UP,L,NOR,XNOR,NOT_R,LEFT_IMPLIES,DOWN,R,XOR,OR,NOT_L,IMPLIES,NAND,TOP
0,0,UP,NOR,NOT_R,DOWN,XOR,NOT_L,NAND,AND,L,XNOR,LEFT_IMPLIES,R,OR,IMPLIES,TOP
AND,AND,L,XNOR,LEFT_IMPLIES,R,OR,IMPLIES,TOP,0,UP,NOR,NOT_R,DOWN,XOR,NOT_L,NAND
UP,UP,0,NOT_R,NOR,XOR,DOWN,NAND,NOT_L,L,AND,LEFT_IMPLIES,XNOR,OR,R,TOP,IMPLIES
L,L,AND,LEFT_IMPLIES,XNOR,OR,R,TOP,IMPLIES,UP,0,NOT_R,NOR,XOR,DOWN,NAND,NOT_L
NOR,NOR,NOT_R,0,UP,NOT_L,NAND,DOWN,XOR,XNOR,LEFT_IMPLIES,AND,L,IMPLIES,TOP,R,OR
XNOR,XNOR,LEFT_IMPLIES,AND,L,IMPLIES,TOP,R,OR,NOR,NOT_R,0,UP,NOT_L,NAND,DOWN,XOR
NOT_R,NOT_R,NOR,UP,0,NAND,NOT_L,XOR,DOWN,LEFT_IMPLIES,XNOR,L,AND,TOP,IMPLIES,OR,R
LEFT_IMPLIES,LEFT_IMPLIES,XNOR,L,AND,TOP,IMPLIES,OR,R,NOT_R,NOR,UP,0,NAND,NOT_L,XOR,DOWN
DOWN,DOWN,XOR,NOT_L,NAND,0,UP,NOR,NOT_R,R,OR,IMPLIES,TOP,AND,L,XNOR,LEFT_IMPLIES
R,R,OR,IMPLIES,TOP,AND,L,XNOR,LEFT_IMPLIES,DOWN,XOR,NOT_L,NAND,0,UP,NOR,NOT_R
XOR,XOR,DOWN,NAND,NOT_L,UP,0,NOT_R,NOR,OR,R,TOP,IMPLIES,L,AND,LEFT_IMPLIES,XNOR
OR,OR,R,TOP,IMPLIES,L,AND,LEFT_IMPLIES,XNOR,XOR,DOWN,NAND,NOT_L,UP,0,NOT_R,NOR
NOT_L,NOT_L,NAND,DOWN,XOR,NOR,NOT_R,0,UP,IMPLIES,TOP,R,OR,XNOR,LEFT_IMPLIES,AND,L
IMPLIES,IMPLIES,TOP,R,OR,XNOR,LEFT_IMPLIES,AND,L,NOT_L,NAND,DOWN,XOR,NOR,NOT_R,0,UP
NAND,NAND,NOT_L,XOR,DOWN,NOT_R,NOR,UP,0,TOP,IMPLIES,OR,R,LEFT_IMPLIES,XNOR,L,AND
TOP,TOP,IMPLIES,OR,R,LEFT_IMPLIES,XNOR,L,AND,NAND,NOT_L,XOR,DOWN,NOT_R,NOR,UP,0
