A,B,C,outA,outB,outC,possible
Z,Z,Z,0,0,0,1
Z,Z,Z,0,0,1,0
Z,Z,Z,0,1,0,0
Z,Z,Z,0,1,1,0
Z,Z,Z,1,0,0,0
Z,Z,Z,1,0,1,0
Z,Z,Z,1,1,0,0
Z,Z,Z,1,1,1,1
Z,Z,X,0,0,0,1
Z,Z,X,0,0,1,1
Z,Z,X,0,1,0,0
Z,Z,X,0,1,1,0
Z,Z,X,1,0,0,0
Z,Z,X,1,0,1,0
Z,Z,X,1,1,0,1
Z,Z,X,1,1,1,0
Z,Z,Y,0,0,0,0
Z,Z,Y,0,0,1,1
Z,Z,Y,0,1,0,0
Z,Z,Y,0,1,1,0
Z,Z,Y,1,0,0,0
Z,Z,Y,1,0,1,0
Z,Z,Y,1,1,0,1
Z,Z,Y,1,1,1,1
Z,X,Z,0,0,0,1
Z,X,Z,0,0,1,0
Z,X,Z,0,1,0,1
Z,X,Z,0,1,1,0
Z,X,Z,1,0,0,0
Z,X,Z,1,0,1,1
Z,X,Z,1,1,0,0
Z,X,Z,1,1,1,0
Z,X,X,0,0,0,1
Z,X,X,0,0,1,1
Z,X,X,0,1,0,1
Z,X,X,0,1,1,1
Z,X,X,1,0,0,1
Z,X,X,1,0,1,0
Z,X,X,1,1,0,0
Z,X,X,1,1,1,0
Z,X,Y,0,0,0,0
Z,X,Y,0,0,1,1
Z,X,Y,0,1,0,0
Z,X,Y,0,1,1,1
Z,X,Y,1,0,0,1
Z,X,Y,1,0,1,1
Z,X,Y,1,1,0,0
Z,X,Y,1,1,1,0
Z,Y,Z,0,0,0,0
Z,Y,Z,0,0,1,0
Z,Y,Z,0,1,0,1
Z,Y,Z,0,1,1,0
Z,Y,Z,1,0,0,0
Z,Y,Z,1,0,1,1
Z,Y,Z,1,1,0,0
Z,Y,Z,1,1,1,1
Z,Y,X,0,0,0,0
Z,Y,X,0,0,1,0
Z,Y,X,0,1,0,1
Z,Y,X,0,1,1,1
Z,Y,X,1,0,0,1
Z,Y,X,1,0,1,0
Z,Y,X,1,1,0,1
Z,Y,X,1,1,1,0
Z,Y,Y,0,0,0,0
Z,Y,Y,0,0,1,0
Z,Y,Y,0,1,0,0
Z,Y,Y,0,1,1,1
Z,Y,Y,1,0,0,1
Z,Y,Y,1,0,1,1
Z,Y,Y,1,1,0,1
Z,Y,Y,1,1,1,1
X,Z,Z,0,0,0,1
X,Z,Z,0,0,1,0
X,Z,Z,0,1,0,0
X,Z,Z,0,1,1,1
X,Z,Z,1,0,0,1
X,Z,Z,1,0,1,0
X,Z,Z,1,1,0,0
X,Z,Z,1,1,1,0
X,Z,X,0,0,0,1
X,Z,X,0,0,1,1
X,Z,X,0,1,0,1
X,Z,X,0,1,1,0
X,Z,X,1,0,0,1
X,Z,X,1,0,1,1
X,Z,X,1,1,0,0
X,Z,X,1,1,1,0
X,Z,Y,0,0,0,0
X,Z,Y,0,0,1,1
X,Z,Y,0,1,0,1
X,Z,Y,0,1,1,1
X,Z,Y,1,0,0,0
X,Z,Y,1,0,1,1
X,Z,Y,1,1,0,0
X,Z,Y,1,1,1,0
X,X,Z,0,0,0,1
X,X,Z,0,0,1,1
X,X,Z,0,1,0,1
X,X,Z,0,1,1,0
X,X,Z,1,0,0,1
X,X,Z,1,0,1,0
X,X,Z,1,1,0,1
X,X,Z,1,1,1,0
X,X,X,0,0,0,0
X,X,X,0,0,1,1
X,X,X,0,1,0,1
X,X,X,0,1,1,1
X,X,X,1,0,0,1
X,X,X,1,0,1,1
X,X,X,1,1,0,1
X,X,X,1,1,1,1
X,X,Y,0,0,0,1
X,X,Y,0,0,1,0
X,X,Y,0,1,0,0
X,X,Y,0,1,1,1
X,X,Y,1,0,0,0
X,X,Y,1,0,1,1
X,X,Y,1,1,0,0
X,X,Y,1,1,1,1
X,Y,Z,0,0,0,0
X,Y,Z,0,0,1,1
X,Y,Z,0,1,0,1
X,Y,Z,0,1,1,1
X,Y,Z,1,0,0,0
X,Y,Z,1,0,1,0
X,Y,Z,1,1,0,1
X,Y,Z,1,1,1,0
X,Y,X,0,0,0,1
X,Y,X,0,0,1,0
X,Y,X,0,1,0,0
X,Y,X,0,1,1,1
X,Y,X,1,0,0,0
X,Y,X,1,0,1,0
X,Y,X,1,1,0,1
X,Y,X,1,1,1,1
X,Y,Y,0,0,0,1
X,Y,Y,0,0,1,1
X,Y,Y,0,1,0,1
X,Y,Y,0,1,1,0
X,Y,Y,1,0,0,0
X,Y,Y,1,0,1,0
X,Y,Y,1,1,0,0
X,Y,Y,1,1,1,1
Y,Z,Z,0,0,0,0
Y,Z,Z,0,0,1,0
Y,Z,Z,0,1,0,0
Y,Z,Z,0,1,1,1
Y,Z,Z,1,0,0,1
Y,Z,Z,1,0,1,0
Y,Z,Z,1,1,0,0
Y,Z,Z,1,1,1,1
Y,Z,X,0,0,0,0
Y,Z,X,0,0,1,0
Y,Z,X,0,1,0,1
Y,Z,X,0,1,1,0
Y,Z,X,1,0,0,1
Y,Z,X,1,0,1,1
Y,Z,X,1,1,0,1
Y,Z,X,1,1,1,0
Y,Z,Y,0,0,0,0
Y,Z,Y,0,0,1,0
Y,Z,Y,0,1,0,1
Y,Z,Y,0,1,1,1
Y,Z,Y,1,0,0,0
Y,Z,Y,1,0,1,1
Y,Z,Y,1,1,0,1
Y,Z,Y,1,1,1,1
Y,X,Z,0,0,0,0
Y,X,Z,0,0,1,1
Y,X,Z,0,1,0,0
Y,X,Z,0,1,1,0
Y,X,Z,1,0,0,1
Y,X,Z,1,0,1,1
Y,X,Z,1,1,0,1
Y,X,Z,1,1,1,0
Y,X,X,0,0,0,1
Y,X,X,0,0,1,0
Y,X,X,0,1,0,0
Y,X,X,0,1,1,0
Y,X,X,1,0,0,0
Y,X,X,1,0,1,1
Y,X,X,1,1,0,1
Y,X,X,1,1,1,1
Y,X,Y,0,0,0,1
Y,X,Y,0,0,1,1
Y,X,Y,0,1,0,0
Y,X,Y,0,1,1,0
Y,X,Y,1,0,0,1
Y,X,Y,1,0,1,0
Y,X,Y,1,1,0,0
Y,X,Y,1,1,1,1
Y,Y,Z,0,0,0,0
Y,Y,Z,0,0,1,1
Y,Y,Z,0,1,0,0
Y,Y,Z,0,1,1,1
Y,Y,Z,1,0,0,0
Y,Y,Z,1,0,1,1
Y,Y,Z,1,1,0,1
Y,Y,Z,1,1,1,1
Y,Y,X,0,0,0,1
Y,Y,X,0,0,1,0
Y,Y,X,0,1,0,1
Y,Y,X,0,1,1,0
Y,Y,X,1,0,0,1
Y,Y,X,1,0,1,0
Y,Y,X,1,1,0,0
Y,Y,X,1,1,1,1
Y,Y,Y,0,0,0,1
Y,Y,Y,0,0,1,1
Y,Y,Y,0,1,0,1
Y,Y,Y,0,1,1,1
Y,Y,Y,1,0,0,1
Y,Y,Y,1,0,1,1
Y,Y,Y,1,1,0,1
Y,Y,Y,1,1,1,0
