paper,claim_id,contribution,closest_source,source_locator,model_comparison,priority_status,allowed_wording
P01,MOD-003,Residue-hyperplane support criterion,Abramsky--Brandenburger 2011; Honold 2009,"Sections 4,6; projective Hjelmslev geometry",Global-section language and primitive projective geometry imported; no matching bilinear criterion located,"Candidate formulation; bounded search, not priority certification",State and prove criterion; no firstness
P01,MOD-004,Smith trichotomy,Schumacher--Westmoreland 2010; Byrne et al. 2022; Ben-Zvi--Ma--Reyes 2017,Entangled states pp.4--7; section2.1; arXiv Theorem3.10/Corollary3.11,Field singlet antecedent; module invariants standard; idempotent KS uses a different context identification,Candidate chain-ring classification,State full proof; distinguish basis settings from shared-effect KS
P01,MOD-005,Valuation-uniform Hardy witness,Schumacher--Westmoreland 2010,Entangled states pp.5--7,Hardy implication pattern already present; ring coefficients and unequal valuations differ,Explicit specialization within trichotomy,Do not claim new Hardy principle
P01,RES-001,Maximum exact orbit codebook dh,Schumacher--Westmoreland 2010,Superdense coding and teleportation pp.8--9,Four-message two-mobit code established; no matched zero-divisor general formula located,Candidate chain-ring synthesis,Fixed orbit and arbitrary joint K-basis only
P01,RES-002,Strong contextuality iff dh>d,Same as MOD-004 and RES-001,Matched complete-basis contracts,"Derived equivalence, not general resource theory",Corollary of two results,Do not generalize to physical dense coding
P01,RES-003,Universal raw teleportation iff invertible resource with full GL corrections,Schumacher--Westmoreland 2010; Varughese dissertation,Schumacher2010 pp.8--9; Varughese2009 Examples8.3--8.4,"Field transfer known; Varughese uses three categorical outcomes on nine-dimensional pair, not a complete rank-one analyzer. Raw ring necessity and analyzer proof explicit.","Synthesis; analyzer extension elementary, priority open","State raw equality, reference preservation and complete analyzer"
P01,P01-EXT-001,Invertible reshapes form a basis in every dimension over finite local rings,Classical matrix-span argument; residue lifting,Full proof in manuscript,Elementary GL span plus determinant unit test; not independent novelty,Newly proved extension of supplied dimension-specific analyzer,Corollary; no firstness
P01,RES-004,Nilpotent maximal-code nonteleporting separator,Above contextuality and protocol sources; deBeaudrap2014 Definition7,Contracts compared in manuscript,Unit-ideal state space excludes nonprimitive local-ring resources; separator explicitly belongs to all-nonzero static contract.,Candidate example/synthesis,Nonprimitive static resource; not closed process theory
P01,MOD-007,Two binary settings admit a global assignment,Abramsky--Brandenburger 2011; Schumacher--Westmoreland 2012,Proposition6.2; section5.2 and appendix,Bipartite PR exclusion is close; arbitrary-party F2 minimal-support proof distinct,Candidate supporting theorem; wider priority open,Restrict residue field F2 and two outcomes/settings
P01,MOD-001/MOD-010,Tensor base and regular-rank boundaries,Elementary module and matrix algebra,Proofs supplied in manuscript,Standard tensor and field-rank facts,"Boundary examples, no independent novelty",State explicit contracts on both sides
P01,LMB-001--004,Conditional Boolean-to-modal interface,Paper B; ordinary scalar extension,Paper B section8; manuscript appendix,"Choice of A, tensor, effects and nonzero semantics is additional",Supporting interface only,No canonical physical or modal semantics from bare LM
P02,ALG-001,Exact label discrimination iff spans form a direct sum,Diamond--Schumacher 2023,Section 4; independent states,Singleton statement imported; set/branch formulation elementary,Supporting standard lemma,No novelty claim
P02,ALG-002,Deutsch lower bound for fixed invertible pointwise actions; QXOR optimum 2,James--Ortiz--Sabry 2011,"Conclusion, p.10",Same F2 core; qualitative failure explicitly acknowledged; our quantified finite adaptive instrument contract is stronger than failure of a circuit,DOWNGRADED: rigorous contract-level refinement of known obstruction,Do not claim first discovery of Deutsch failure
P02,ALG-003,One-query Deutsch--Jozsa obstruction in characteristic two,James et al.2011; Hanson et al.2011; Tai 2019,Conclusion; p.4; dissertation section4.4,Characteristic-two qualitative antecedent; positive odd-characteristic Hermitian algorithms incomparable,Short-note theorem; exact priority remains open,State one-query obstruction only; no general optimality claim
P02,ALG-004,"Exact BV complexity n under QXOR, lower bound for broader pointwise actions",Beals et al.2001; de Beaudrap 2014,Lemmas4.1--4.2; Theorem1 and circuit model,Polynomial method imported; modal direct-sum exactness replaces probability arguments; modular class theorem not an oracle theorem,Candidate exact specialization; no equivalent explicit theorem located in bounded review,Prove adaptive extension; no firstness
P02,ALG-005--007,Ring kickback with singular Walsh analyzer and distinct cyclic oracle,Standard order-two character argument; canonical capability Q5,Displayed proof; Q5,Character obstruction elementary; A-tensor rank and oracle bookkeeping are model-specific,Known ingredient with explicit worked boundary,Not an all-finite-field Fourier no-go
P02,ALG-010,One-query UNIQUE-SAT positive control,Willcock--Sabry 2011; Hanson et al.2011,Section3; F2 example,Same XOR oracle and all-possible-outcomes correctness,KNOWN PRIOR ART,Credit protocol; label rerun as reproduction
P02,ALG-008/012,Small Simon scan; full-description readout ablation,Canonical capability experiment source,small_simon.json; description_readout_ablation.json,Finite one-query no-ancilla scan; nonoperational coefficient inspection is a changed access model,Finite evidence and boundary only,Never infer a general Simon/search theorem
Paper_B,CM-B-001--003,Typed selection and aligned fusion,Cheng--Zhao--Xu; Mishchenko et al.2006,Boolean matrix calculus; AIG rewriting section3,Truth table pointwise semantics and NPN transforms known,Typed integration candidate only,No novelty in four-bit storage or pointwise truth functions
Paper_B,CM-B-004,Structural/retabulation admission boundary,Mishchenko2006; Souper2017; egg2021,"Cut selection; synthesis; equality saturation sections2,4",Local certified rule differs from general search but is not more expressive,Engineering organization; contribution depends on useful boundary,"Keep structural, retabulation and generic equivalent powers distinct"
Paper_B,CM-B-005/006,Formula-valued polarity orbit and valuation-natural pairing,Matrix/vector logic and Boolean algebra,Existing B sections and appendix,"Boolean homomorphism identity, not modal or physical measurement",Foundational B home; no repeated novelty in companions,No Born rule or physical quantum claim
Paper_B,CMP-001--003,Pre-expansion savings with CM/generic ties,Canonical raw Gate-A records,S1/S2 audit 10500 cases,Same symbolic endpoint; equally capable generic comparator,Finite exploratory mechanism evidence,10389 admitted ties on seven metrics; retain111 incomplete
Paper_B,B-P14-001,Completed frozen ANF dispatcher result is negative against direct lowering,P14-PY0 freeze and raw rows,Recipe endpoint; E/D and E/F simultaneous intervals,"Separate dispatcher/ANF endpoint, not B protocol-v3 token/packed campaign",Verified inherited run; bounded external validity,"Report ratios, three workers, reduced families/batches, traced memory only"
Paper_B,B-P15-001,Late-scan successor has correctness evidence only,P15 exposed-correctness record,2026-09-19 implementation review,Exposed cases are development data; no performance timing,Unmeasured candidate,No new speed claim or rollout recommendation
